solid ellipsoid
facet normal -0.2373535904996267 -0.8323513098712073 0.500853840988188
 outer loop
  vertex -0.015517241379310341 -0.027931034482758618 0.003839837491606914
  vertex -0.012068965517241376 -0.027931034482758618 0.005473968229788808
  vertex -0.012068965517241376 -0.02586206896551724 0.00891230895401385
 endloop
endfacet
facet normal -0.11506362757535345 -0.8899870548662518 0.4412294230666126
 outer loop
  vertex -0.015517241379310341 -0.027931034482758618 0.003839837491606914
  vertex -0.012068965517241376 -0.02586206896551724 0.00891230895401385
  vertex -0.015517241379310341 -0.02586206896551724 0.008013068992153274
 endloop
endfacet
facet normal -0.15258147242873546 -0.8219076389839607 0.5488048170809825
 outer loop
  vertex -0.012068965517241376 -0.027931034482758618 0.005473968229788808
  vertex -0.00862068965517241 -0.027931034482758618 0.006432675209026768
  vertex -0.00862068965517241 -0.02586206896551724 0.009531224111093277
 endloop
endfacet
facet normal -0.09214672929768816 -0.8531913955257536 0.5133940230276894
 outer loop
  vertex -0.012068965517241376 -0.027931034482758618 0.005473968229788808
  vertex -0.00862068965517241 -0.02586206896551724 0.009531224111093277
  vertex -0.012068965517241376 -0.02586206896551724 0.00891230895401385
 endloop
endfacet
facet normal -0.09449556605618989 -0.8125848853549876 0.5751316302276738
 outer loop
  vertex -0.00862068965517241 -0.027931034482758618 0.006432675209026768
  vertex -0.005172413793103445 -0.027931034482758618 0.006999235562132564
  vertex -0.005172413793103445 -0.02586206896551724 0.00992241004823321
 endloop
endfacet
facet normal -0.06287156976679699 -0.8300001566877215 0.5542083593860854
 outer loop
  vertex -0.00862068965517241 -0.027931034482758618 0.006432675209026768
  vertex -0.005172413793103445 -0.02586206896551724 0.00992241004823321
  vertex -0.00862068965517241 -0.02586206896551724 0.009531224111093277
 endloop
endfacet
facet normal -0.045433506389073224 -0.8080515999371062 0.5873571386612042
 outer loop
  vertex -0.005172413793103445 -0.027931034482758618 0.006999235562132564
  vertex -0.0017241379310344793 -0.027931034482758618 0.007265968105415681
  vertex -0.0017241379310344793 -0.02586206896551724 0.010112329861113916
 endloop
endfacet
facet normal -0.031802663553072694 -0.815824437326953 0.5774245215186923
 outer loop
  vertex -0.005172413793103445 -0.027931034482758618 0.006999235562132564
  vertex -0.0017241379310344793 -0.02586206896551724 0.010112329861113916
  vertex -0.005172413793103445 -0.02586206896551724 0.00992241004823321
 endloop
endfacet
facet normal 0.0 -0.808886884779722 0.5879642911192455
 outer loop
  vertex -0.0017241379310344793 -0.027931034482758618 0.007265968105415681
  vertex 0.0017241379310344862 -0.027931034482758618 0.007265968105415681
  vertex 0.0017241379310344862 -0.02586206896551724 0.010112329861113916
 endloop
endfacet
facet normal 0.0 -0.808886884779722 0.5879642911192455
 outer loop
  vertex -0.0017241379310344793 -0.027931034482758618 0.007265968105415681
  vertex 0.0017241379310344862 -0.02586206896551724 0.010112329861113916
  vertex -0.0017241379310344793 -0.02586206896551724 0.010112329861113916
 endloop
endfacet
facet normal 0.04464324475585338 -0.8154235227591579 0.5771407620578486
 outer loop
  vertex 0.0017241379310344862 -0.027931034482758618 0.007265968105415681
  vertex 0.005172413793103452 -0.027931034482758618 0.006999235562132564
  vertex 0.005172413793103452 -0.02586206896551724 0.00992241004823321
 endloop
endfacet
facet normal 0.03236619349783446 -0.808463090750411 0.5876562434048951
 outer loop
  vertex 0.0017241379310344862 -0.027931034482758618 0.007265968105415681
  vertex 0.005172413793103452 -0.02586206896551724 0.00992241004823321
  vertex 0.0017241379310344862 -0.02586206896551724 0.010112329861113916
 endloop
endfacet
facet normal 0.09086092483470695 -0.8282054369670907 0.5530099877184246
 outer loop
  vertex 0.005172413793103452 -0.027931034482758618 0.006999235562132564
  vertex 0.008620689655172417 -0.027931034482758618 0.006432675209026768
  vertex 0.008620689655172417 -0.02586206896551724 0.009531224111093277
 endloop
endfacet
facet normal 0.0653981522546083 -0.8144899563043846 0.5764800020477421
 outer loop
  vertex 0.005172413793103452 -0.027931034482758618 0.006999235562132564
  vertex 0.008620689655172417 -0.02586206896551724 0.009531224111093277
  vertex 0.005172413793103452 -0.02586206896551724 0.00992241004823321
 endloop
endfacet
facet normal 0.14189582556563227 -0.8481670385315039 0.5103706980575452
 outer loop
  vertex 0.008620689655172417 -0.027931034482758618 0.006432675209026768
  vertex 0.012068965517241383 -0.027931034482758618 0.005473968229788808
  vertex 0.012068965517241383 -0.02586206896551724 0.00891230895401385
 endloop
endfacet
facet normal 0.0991780895905099 -0.8275452003789782 0.5525691340229689
 outer loop
  vertex 0.008620689655172417 -0.027931034482758618 0.006432675209026768
  vertex 0.012068965517241383 -0.02586206896551724 0.00891230895401385
  vertex 0.008620689655172417 -0.02586206896551724 0.009531224111093277
 endloop
endfacet
facet normal 0.20598187775249188 -0.8767250998684624 0.43465453557761463
 outer loop
  vertex 0.012068965517241383 -0.027931034482758618 0.005473968229788808
  vertex 0.015517241379310348 -0.027931034482758618 0.003839837491606908
  vertex 0.015517241379310348 -0.02586206896551724 0.008013068992153271
 endloop
endfacet
facet normal 0.13325562069917926 -0.8491953331230909 0.5109894575762195
 outer loop
  vertex 0.012068965517241383 -0.027931034482758618 0.005473968229788808
  vertex 0.015517241379310348 -0.02586206896551724 0.008013068992153271
  vertex 0.012068965517241383 -0.02586206896551724 0.00891230895401385
 endloop
endfacet
facet normal -0.3243540358517152 -0.7616660986430044 0.5609449292084289
 outer loop
  vertex -0.022413793103448276 -0.02586206896551724 0.004728037655448992
  vertex -0.01896551724137931 -0.02586206896551724 0.006721927134351006
  vertex -0.01896551724137931 -0.02379310344827586 0.00953122411109328
 endloop
endfacet
facet normal -0.18546937542655123 -0.8470908950765473 0.49803426213193275
 outer loop
  vertex -0.022413793103448276 -0.02586206896551724 0.004728037655448992
  vertex -0.01896551724137931 -0.02379310344827586 0.00953122411109328
  vertex -0.022413793103448276 -0.02379310344827586 0.008247076374552692
 endloop
endfacet
facet normal -0.23383540688164356 -0.745191390921915 0.6245084414036034
 outer loop
  vertex -0.01896551724137931 -0.02586206896551724 0.006721927134351006
  vertex -0.015517241379310341 -0.02586206896551724 0.008013068992153274
  vertex -0.015517241379310341 -0.02379310344827586 0.010481851140393565
 endloop
endfacet
facet normal -0.16133903910914985 -0.7946496730224034 0.5852363724382854
 outer loop
  vertex -0.01896551724137931 -0.02586206896551724 0.006721927134351006
  vertex -0.015517241379310341 -0.02379310344827586 0.010481851140393565
  vertex -0.01896551724137931 -0.02379310344827586 0.00953122411109328
 endloop
endfacet
facet normal -0.1729361461088008 -0.7282337155474248 0.6631506200773908
 outer loop
  vertex -0.015517241379310341 -0.02586206896551724 0.008013068992153274
  vertex -0.012068965517241376 -0.02586206896551724 0.00891230895401385
  vertex -0.012068965517241376 -0.02379310344827586 0.011184327407053005
 endloop
endfacet
facet normal -0.12974534094101348 -0.7599615738757562 0.6368866090100996
 outer loop
  vertex -0.015517241379310341 -0.02586206896551724 0.008013068992153274
  vertex -0.012068965517241376 -0.02379310344827586 0.011184327407053005
  vertex -0.015517241379310341 -0.02379310344827586 0.010481851140393565
 endloop
endfacet
facet normal -0.12343510545538648 -0.7154086269937572 0.6877167085102154
 outer loop
  vertex -0.012068965517241376 -0.02586206896551724 0.00891230895401385
  vertex -0.00862068965517241 -0.02586206896551724 0.009531224111093277
  vertex -0.00862068965517241 -0.02379310344827586 0.011683499549032703
 endloop
endfacet
facet normal -0.09700647557235927 -0.7358867613972209 0.6701197043046405
 outer loop
  vertex -0.012068965517241376 -0.02586206896551724 0.00891230895401385
  vertex -0.00862068965517241 -0.02379310344827586 0.011683499549032703
  vertex -0.012068965517241376 -0.02379310344827586 0.011184327407053005
 endloop
endfacet
facet normal -0.07970363259901221 -0.7071252873320828 0.7025817809807205
 outer loop
  vertex -0.00862068965517241 -0.02586206896551724 0.009531224111093277
  vertex -0.005172413793103445 -0.02586206896551724 0.00992241004823321
  vertex -0.005172413793103445 -0.02379310344827586 0.012004755300364975
 endloop
endfacet
facet normal -0.06443015047112591 -0.719423853356008 0.6915765141563593
 outer loop
  vertex -0.00862068965517241 -0.02586206896551724 0.009531224111093277
  vertex -0.005172413793103445 -0.02379310344827586 0.012004755300364975
  vertex -0.00862068965517241 -0.02379310344827586 0.011683499549032703
 endloop
endfacet
facet normal -0.03909534843070098 -0.703283159472741 0.7098340308361675
 outer loop
  vertex -0.005172413793103445 -0.02586206896551724 0.00992241004823321
  vertex -0.0017241379310344793 -0.02586206896551724 0.010112329861113916
  vertex -0.0017241379310344793 -0.02379310344827586 0.012162201440378207
 endloop
endfacet
facet normal -0.03216518011722747 -0.7090150542427035 0.7044594055339474
 outer loop
  vertex -0.005172413793103445 -0.02586206896551724 0.00992241004823321
  vertex -0.0017241379310344793 -0.02379310344827586 0.012162201440378207
  vertex -0.005172413793103445 -0.02379310344827586 0.012004755300364975
 endloop
endfacet
facet normal 0.0 -0.7038212416341645 0.7103771250712841
 outer loop
  vertex -0.0017241379310344793 -0.02586206896551724 0.010112329861113916
  vertex 0.0017241379310344862 -0.02586206896551724 0.010112329861113916
  vertex 0.0017241379310344862 -0.02379310344827586 0.012162201440378207
 endloop
endfacet
facet normal 0.0 -0.7038212416341645 0.7103771250712841
 outer loop
  vertex -0.0017241379310344793 -0.02586206896551724 0.010112329861113916
  vertex 0.0017241379310344862 -0.02379310344827586 0.012162201440378207
  vertex -0.0017241379310344793 -0.02379310344827586 0.012162201440378207
 endloop
endfacet
facet normal 0.03879020162767486 -0.7088482147933268 0.7042936380814452
 outer loop
  vertex 0.0017241379310344862 -0.02586206896551724 0.010112329861113916
  vertex 0.005172413793103452 -0.02586206896551724 0.00992241004823321
  vertex 0.005172413793103452 -0.02379310344827586 0.012004755300364975
 endloop
endfacet
facet normal 0.03241833109374028 -0.7034513045821379 0.7100037421667473
 outer loop
  vertex 0.0017241379310344862 -0.02586206896551724 0.010112329861113916
  vertex 0.005172413793103452 -0.02379310344827586 0.012004755300364975
  vertex 0.0017241379310344862 -0.02379310344827586 0.012162201440378207
 endloop
endfacet
facet normal 0.07837665917202595 -0.7187040842905633 0.6908846057925266
 outer loop
  vertex 0.005172413793103452 -0.02586206896551724 0.00992241004823321
  vertex 0.008620689655172417 -0.02586206896551724 0.009531224111093277
  vertex 0.008620689655172417 -0.02379310344827586 0.011683499549032703
 endloop
endfacet
facet normal 0.0655232414062779 -0.7078576807876109 0.7033094685738273
 outer loop
  vertex 0.005172413793103452 -0.02586206896551724 0.00992241004823321
  vertex 0.008620689655172417 -0.02379310344827586 0.011683499549032703
  vertex 0.005172413793103452 -0.02379310344827586 0.012004755300364975
 endloop
endfacet
facet normal 0.11997377522745252 -0.7340333810421412 0.668431962710877
 outer loop
  vertex 0.008620689655172417 -0.02586206896551724 0.009531224111093277
  vertex 0.012068965517241383 -0.02586206896551724 0.00891230895401385
  vertex 0.012068965517241383 -0.02379310344827586 0.011184327407053005
 endloop
endfacet
facet normal 0.09981995505191658 -0.7173211383632441 0.6895551907068012
 outer loop
  vertex 0.008620689655172417 -0.02586206896551724 0.009531224111093277
  vertex 0.012068965517241383 -0.02379310344827586 0.011184327407053005
  vertex 0.008620689655172417 -0.02379310344827586 0.011683499549032703
 endloop
endfacet
facet normal 0.16520135838622746 -0.7559090301197394 0.6334903703852017
 outer loop
  vertex 0.012068965517241383 -0.02586206896551724 0.00891230895401385
  vertex 0.015517241379310348 -0.02586206896551724 0.008013068992153271
  vertex 0.015517241379310348 -0.02379310344827586 0.010481851140393563
 endloop
endfacet
facet normal 0.1358900870985691 -0.7325153416244059 0.6670495922442523
 outer loop
  vertex 0.012068965517241383 -0.02586206896551724 0.00891230895401385
  vertex 0.015517241379310348 -0.02379310344827586 0.010481851140393563
  vertex 0.012068965517241383 -0.02379310344827586 0.011184327407053005
 endloop
endfacet
facet normal 0.21676061416995698 -0.7860547808704542 0.5789064843438577
 outer loop
  vertex 0.015517241379310348 -0.02586206896551724 0.008013068992153271
  vertex 0.01896551724137932 -0.02586206896551724 0.0067219271343510025
  vertex 0.01896551724137932 -0.02379310344827586 0.009531224111093278
 endloop
endfacet
facet normal 0.17436231361640375 -0.7546993614290173 0.6324766062464038
 outer loop
  vertex 0.015517241379310348 -0.02586206896551724 0.008013068992153271
  vertex 0.01896551724137932 -0.02379310344827586 0.009531224111093278
  vertex 0.015517241379310348 -0.02379310344827586 0.010481851140393563
 endloop
endfacet
facet normal 0.2812337546302895 -0.8272545378726187 0.48637177634573947
 outer loop
  vertex 0.01896551724137932 -0.02586206896551724 0.0067219271343510025
  vertex 0.02241379310344828 -0.02586206896551724 0.004728037655448992
  vertex 0.02241379310344828 -0.02379310344827586 0.008247076374552692
 endloop
endfacet
facet normal 0.2156411639792447 -0.7862543807460234 0.5790534838470137
 outer loop
  vertex 0.01896551724137932 -0.02586206896551724 0.0067219271343510025
  vertex 0.02241379310344828 -0.02379310344827586 0.008247076374552692
  vertex 0.01896551724137932 -0.02379310344827586 0.009531224111093278
 endloop
endfacet
facet normal -0.4835737803342962 -0.6938777003036138 0.5335636194443603
 outer loop
  vertex -0.029310344827586206 -0.02379310344827586 0.003307470016077747
  vertex -0.02586206896551724 -0.02379310344827586 0.006432675209026776
  vertex -0.02586206896551724 -0.021724137931034483 0.009123280382981347
 endloop
endfacet
facet normal -0.2420740941756666 -0.8598893598805966 0.4494334452320703
 outer loop
  vertex -0.029310344827586206 -0.02379310344827586 0.003307470016077747
  vertex -0.02586206896551724 -0.021724137931034483 0.009123280382981347
  vertex -0.029310344827586206 -0.021724137931034483 0.007265968105415681
 endloop
endfacet
facet normal -0.3366039751050843 -0.6909847024087159 0.6397170507189833
 outer loop
  vertex -0.02586206896551724 -0.02379310344827586 0.006432675209026776
  vertex -0.022413793103448276 -0.02379310344827586 0.008247076374552692
  vertex -0.022413793103448276 -0.021724137931034483 0.010481851140393562
 endloop
endfacet
facet normal -0.23352365167207925 -0.7708099878758822 0.5927214073243177
 outer loop
  vertex -0.02586206896551724 -0.02379310344827586 0.006432675209026776
  vertex -0.022413793103448276 -0.021724137931034483 0.010481851140393562
  vertex -0.02586206896551724 -0.021724137931034483 0.009123280382981347
 endloop
endfacet
facet normal -0.25932588024064995 -0.6692047124900867 0.6963584857086703
 outer loop
  vertex -0.022413793103448276 -0.02379310344827586 0.008247076374552692
  vertex -0.01896551724137931 -0.02379310344827586 0.00953122411109328
  vertex -0.01896551724137931 -0.021724137931034483 0.011519512474820734
 endloop
endfacet
facet normal -0.20029170106599092 -0.7189353348391453 0.6655938842896756
 outer loop
  vertex -0.022413793103448276 -0.02379310344827586 0.008247076374552692
  vertex -0.01896551724137931 -0.021724137931034483 0.011519512474820734
  vertex -0.022413793103448276 -0.021724137931034483 0.010481851140393562
 endloop
endfacet
facet normal -0.20196097492188822 -0.6500213986539164 0.7325871592517894
 outer loop
  vertex -0.01896551724137931 -0.02379310344827586 0.00953122411109328
  vertex -0.015517241379310341 -0.02379310344827586 0.010481851140393565
  vertex -0.015517241379310341 -0.021724137931034483 0.012317635241028795
 endloop
endfacet
facet normal -0.16460874569356793 -0.6834572062667971 0.7111892912883145
 outer loop
  vertex -0.01896551724137931 -0.02379310344827586 0.00953122411109328
  vertex -0.015517241379310341 -0.021724137931034483 0.012317635241028795
  vertex -0.01896551724137931 -0.021724137931034483 0.011519512474820734
 endloop
endfacet
facet normal -0.15418047186686448 -0.6351638362599803 0.7568324009993337
 outer loop
  vertex -0.015517241379310341 -0.02379310344827586 0.010481851140393565
  vertex -0.012068965517241376 -0.02379310344827586 0.011184327407053005
  vertex -0.012068965517241376 -0.021724137931034483 0.01292068551392772
 endloop
endfacet
facet normal -0.12970870617111974 -0.6580910171835113 0.7416817812551321
 outer loop
  vertex -0.015517241379310341 -0.02379310344827586 0.010481851140393565
  vertex -0.012068965517241376 -0.021724137931034483 0.01292068551392772
  vertex -0.015517241379310341 -0.021724137931034483 0.012317635241028795
 endloop
endfacet
facet normal -0.11189354910144375 -0.6245106258547944 0.7729594503361322
 outer loop
  vertex -0.012068965517241376 -0.02379310344827586 0.011184327407053005
  vertex -0.00862068965517241 -0.02379310344827586 0.011683499549032703
  vertex -0.00862068965517241 -0.021724137931034483 0.013355114986922125
 endloop
endfacet
facet normal -0.09605685867032711 -0.6398779535049677 0.7624495291628707
 outer loop
  vertex -0.012068965517241376 -0.02379310344827586 0.011184327407053005
  vertex -0.00862068965517241 -0.021724137931034483 0.013355114986922125
  vertex -0.012068965517241376 -0.021724137931034483 0.01292068551392772
 endloop
endfacet
facet normal -0.07294701067497589 -0.6177367474261609 0.7829942812772852
 outer loop
  vertex -0.00862068965517241 -0.02379310344827586 0.011683499549032703
  vertex -0.005172413793103445 -0.02379310344827586 0.012004755300364975
  vertex -0.005172413793103445 -0.021724137931034483 0.013637048229851853
 endloop
endfacet
facet normal -0.06346881351924312 -0.6271901307841162 0.776275884951647
 outer loop
  vertex -0.00862068965517241 -0.02379310344827586 0.011683499549032703
  vertex -0.005172413793103445 -0.021724137931034483 0.013637048229851853
  vertex -0.00862068965517241 -0.021724137931034483 0.013355114986922125
 endloop
endfacet
facet normal -0.03598042328036444 -0.6145996363906174 0.7880182079679928
 outer loop
  vertex -0.005172413793103445 -0.02379310344827586 0.012004755300364975
  vertex -0.0017241379310344793 -0.02379310344827586 0.012162201440378207
  vertex -0.0017241379310344793 -0.021724137931034483 0.013775851279612537
 endloop
endfacet
facet normal -0.031586203330224896 -0.6190778523257042 0.784694159860372
 outer loop
  vertex -0.005172413793103445 -0.02379310344827586 0.012004755300364975
  vertex -0.0017241379310344793 -0.021724137931034483 0.013775851279612537
  vertex -0.005172413793103445 -0.021724137931034483 0.013637048229851853
 endloop
endfacet
facet normal 0.0 -0.6149978506114657 0.7885287843466955
 outer loop
  vertex -0.0017241379310344793 -0.02379310344827586 0.012162201440378207
  vertex 0.0017241379310344862 -0.02379310344827586 0.012162201440378207
  vertex 0.0017241379310344862 -0.021724137931034483 0.013775851279612537
 endloop
endfacet
facet normal 0.0 -0.6149978506114657 0.7885287843466955
 outer loop
  vertex -0.0017241379310344793 -0.02379310344827586 0.012162201440378207
  vertex 0.0017241379310344862 -0.021724137931034483 0.013775851279612537
  vertex -0.0017241379310344793 -0.021724137931034483 0.013775851279612537
 endloop
endfacet
facet normal 0.0358235268352517 -0.6189893419801686 0.7845819711413472
 outer loop
  vertex 0.0017241379310344862 -0.02379310344827586 0.012162201440378207
  vertex 0.005172413793103452 -0.02379310344827586 0.012004755300364975
  vertex 0.005172413793103452 -0.021724137931034483 0.013637048229851853
 endloop
endfacet
facet normal 0.03172458137812266 -0.6146882906973493 0.7881318774265851
 outer loop
  vertex 0.0017241379310344862 -0.02379310344827586 0.012162201440378207
  vertex 0.005172413793103452 -0.021724137931034483 0.013637048229851853
  vertex 0.0017241379310344862 -0.021724137931034483 0.013775851279612537
 endloop
endfacet
facet normal 0.07227766920469787 -0.6268135130976195 0.7758097436437341
 outer loop
  vertex 0.005172413793103452 -0.02379310344827586 0.012004755300364975
  vertex 0.008620689655172417 -0.02379310344827586 0.011683499549032703
  vertex 0.008620689655172417 -0.021724137931034483 0.013355114986922125
 endloop
endfacet
facet normal 0.06405729524166855 -0.6181148240299965 0.783473501300898
 outer loop
  vertex 0.005172413793103452 -0.02379310344827586 0.012004755300364975
  vertex 0.008620689655172417 -0.021724137931034483 0.013355114986922125
  vertex 0.005172413793103452 -0.021724137931034483 0.013637048229851853
 endloop
endfacet
facet normal 0.11020941461572513 -0.6389345959992634 0.761325467172429
 outer loop
  vertex 0.008620689655172417 -0.02379310344827586 0.011683499549032703
  vertex 0.012068965517241383 -0.02379310344827586 0.011184327407053005
  vertex 0.012068965517241383 -0.021724137931034483 0.01292068551392772
 endloop
endfacet
facet normal 0.09752916272274785 -0.6254611476520546 0.774135915196017
 outer loop
  vertex 0.008620689655172417 -0.02379310344827586 0.011683499549032703
  vertex 0.012068965517241383 -0.021724137931034483 0.01292068551392772
  vertex 0.008620689655172417 -0.021724137931034483 0.013355114986922125
 endloop
endfacet
facet normal 0.1506423853647156 -0.65612393627997 0.7394648416064867
 outer loop
  vertex 0.012068965517241383 -0.02379310344827586 0.011184327407053005
  vertex 0.015517241379310348 -0.02379310344827586 0.010481851140393563
  vertex 0.015517241379310348 -0.021724137931034483 0.012317635241028793
 endloop
endfacet
facet normal 0.13277407800215574 -0.6371590039351469 0.759209752252333
 outer loop
  vertex 0.012068965517241383 -0.02379310344827586 0.011184327407053005
  vertex 0.015517241379310348 -0.021724137931034483 0.012317635241028793
  vertex 0.012068965517241383 -0.021724137931034483 0.01292068551392772
 endloop
endfacet
facet normal 0.19495925589893745 -0.6796132236182097 0.7071893344943756
 outer loop
  vertex 0.015517241379310348 -0.02379310344827586 0.010481851140393563
  vertex 0.01896551724137932 -0.02379310344827586 0.009531224111093278
  vertex 0.01896551724137932 -0.021724137931034483 0.011519512474820732
 endloop
endfacet
facet normal 0.17059122802890092 -0.653969283470811 0.7370365046564964
 outer loop
  vertex 0.015517241379310348 -0.02379310344827586 0.010481851140393563
  vertex 0.01896551724137932 -0.021724137931034483 0.011519512474820732
  vertex 0.015517241379310348 -0.021724137931034483 0.012317635241028793
 endloop
endfacet
facet normal 0.24526800774992463 -0.7113910897098069 0.6586093848829336
 outer loop
  vertex 0.01896551724137932 -0.02379310344827586 0.009531224111093278
  vertex 0.02241379310344828 -0.02379310344827586 0.008247076374552692
  vertex 0.02241379310344828 -0.021724137931034483 0.010481851140393562
 endloop
endfacet
facet normal 0.21203842471169818 -0.6771533873494877 0.7046296874578136
 outer loop
  vertex 0.01896551724137932 -0.02379310344827586 0.009531224111093278
  vertex 0.02241379310344828 -0.021724137931034483 0.010481851140393562
  vertex 0.01896551724137932 -0.021724137931034483 0.011519512474820732
 endloop
endfacet
facet normal 0.30541847131705124 -0.7548500801629143 0.580448889960518
 outer loop
  vertex 0.02241379310344828 -0.02379310344827586 0.008247076374552692
  vertex 0.02586206896551725 -0.02379310344827586 0.006432675209026768
  vertex 0.02586206896551725 -0.021724137931034483 0.009123280382981342
 endloop
endfacet
facet normal 0.2585566718647122 -0.7088526952197808 0.6562593267252637
 outer loop
  vertex 0.02241379310344828 -0.02379310344827586 0.008247076374552692
  vertex 0.02586206896551725 -0.021724137931034483 0.009123280382981342
  vertex 0.02241379310344828 -0.021724137931034483 0.010481851140393562
 endloop
endfacet
facet normal 0.3870850878284438 -0.8171599868264462 0.42710032862390557
 outer loop
  vertex 0.02586206896551725 -0.02379310344827586 0.006432675209026768
  vertex 0.02931034482758621 -0.02379310344827586 0.0033074700160777406
  vertex 0.02931034482758621 -0.021724137931034483 0.007265968105415678
 endloop
endfacet
facet normal 0.31194615661299013 -0.7531707269659546 0.5791575359226188
 outer loop
  vertex 0.02586206896551725 -0.02379310344827586 0.006432675209026768
  vertex 0.02931034482758621 -0.021724137931034483 0.007265968105415678
  vertex 0.02586206896551725 -0.021724137931034483 0.009123280382981342
 endloop
endfacet
facet normal -0.5008866270194066 -0.639072025420205 0.5836947260327426
 outer loop
  vertex -0.03275862068965517 -0.021724137931034483 0.004306895171309247
  vertex -0.029310344827586206 -0.021724137931034483 0.007265968105415681
  vertex -0.029310344827586206 -0.019655172413793102 0.00953122411109328
 endloop
endfacet
facet normal -0.30047343887814504 -0.802159236781944 0.5160002629593814
 outer loop
  vertex -0.03275862068965517 -0.021724137931034483 0.004306895171309247
  vertex -0.029310344827586206 -0.019655172413793102 0.00953122411109328
  vertex -0.03275862068965517 -0.019655172413793102 0.007523249734231533
 endloop
endfacet
facet normal -0.3695543749280069 -0.6266410524941156 0.6861126403883236
 outer loop
  vertex -0.029310344827586206 -0.021724137931034483 0.007265968105415681
  vertex -0.02586206896551724 -0.021724137931034483 0.009123280382981347
  vertex -0.02586206896551724 -0.019655172413793102 0.011012909946669874
 endloop
endfacet
facet normal -0.27832831270481867 -0.7091976661158531 0.6477437925003339
 outer loop
  vertex -0.029310344827586206 -0.021724137931034483 0.007265968105415681
  vertex -0.02586206896551724 -0.019655172413793102 0.011012909946669874
  vertex -0.029310344827586206 -0.019655172413793102 0.00953122411109328
 endloop
endfacet
facet normal -0.29245608400192635 -0.6028745844407807 0.7423016060642831
 outer loop
  vertex -0.02586206896551724 -0.021724137931034483 0.009123280382981347
  vertex -0.022413793103448276 -0.021724137931034483 0.010481851140393562
  vertex -0.022413793103448276 -0.019655172413793102 0.012162201440378207
 endloop
endfacet
facet normal -0.2389689901613283 -0.6548423834534415 0.716990428509538
 outer loop
  vertex -0.02586206896551724 -0.021724137931034483 0.009123280382981347
  vertex -0.022413793103448276 -0.019655172413793102 0.012162201440378207
  vertex -0.02586206896551724 -0.019655172413793102 0.011012909946669874
 endloop
endfacet
facet normal -0.23426310262574587 -0.5823073725923898 0.7784850175646972
 outer loop
  vertex -0.022413793103448276 -0.021724137931034483 0.010481851140393562
  vertex -0.01896551724137931 -0.021724137931034483 0.011519512474820734
  vertex -0.01896551724137931 -0.019655172413793102 0.013067100221721667
 endloop
endfacet
facet normal -0.19960222185288112 -0.6177516945967804 0.7606193508281257
 outer loop
  vertex -0.022413793103448276 -0.021724137931034483 0.010481851140393562
  vertex -0.01896551724137931 -0.019655172413793102 0.013067100221721667
  vertex -0.022413793103448276 -0.019655172413793102 0.012162201440378207
 endloop
endfacet
facet normal -0.18589036795708896 -0.5660539277291181 0.8031361789903481
 outer loop
  vertex -0.01896551724137931 -0.021724137931034483 0.011519512474820734
  vertex -0.015517241379310341 -0.021724137931034483 0.012317635241028795
  vertex -0.015517241379310341 -0.019655172413793102 0.013775851279612538
 endloop
endfacet
facet normal -0.1624030679450255 -0.5910232166208155 0.7901372038685612
 outer loop
  vertex -0.01896551724137931 -0.021724137931034483 0.011519512474820734
  vertex -0.015517241379310341 -0.019655172413793102 0.013775851279612538
  vertex -0.01896551724137931 -0.019655172413793102 0.013067100221721667
 endloop
endfacet
facet normal -0.14344176328006897 -0.5537896653460388 0.8202081852206956
 outer loop
  vertex -0.015517241379310341 -0.021724137931034483 0.012317635241028795
  vertex -0.012068965517241376 -0.021724137931034483 0.01292068551392772
  vertex -0.012068965517241376 -0.019655172413793102 0.01431761344277703
 endloop
endfacet
facet normal -0.12737383709042577 -0.571402559923751 0.8107249966156501
 outer loop
  vertex -0.015517241379310341 -0.021724137931034483 0.012317635241028795
  vertex -0.012068965517241376 -0.019655172413793102 0.01431761344277703
  vertex -0.015517241379310341 -0.019655172413793102 0.013775851279612538
 endloop
endfacet
facet normal -0.10479619366476554 -0.5450659060553187 0.8318178381409426
 outer loop
  vertex -0.012068965517241376 -0.021724137931034483 0.01292068551392772
  vertex -0.00862068965517241 -0.021724137931034483 0.013355114986922125
  vertex -0.00862068965517241 -0.019655172413793102 0.014710847591518306
 endloop
endfacet
facet normal -0.09409288426626061 -0.5570937754611844 0.8251018449093781
 outer loop
  vertex -0.012068965517241376 -0.021724137931034483 0.01292068551392772
  vertex -0.00862068965517241 -0.019655172413793102 0.014710847591518306
  vertex -0.012068965517241376 -0.019655172413793102 0.01431761344277703
 endloop
endfacet
facet normal -0.06861069397885211 -0.5395314068195688 0.8391653196641513
 outer loop
  vertex -0.00862068965517241 -0.021724137931034483 0.013355114986922125
  vertex -0.005172413793103445 -0.021724137931034483 0.013637048229851853
  vertex -0.005172413793103445 -0.019655172413793102 0.014967265113248763
 endloop
endfacet
facet normal -0.06207739234110621 -0.5470267413681593 0.834810242862569
 outer loop
  vertex -0.00862068965517241 -0.021724137931034483 0.013355114986922125
  vertex -0.005172413793103445 -0.019655172413793102 0.014967265113248763
  vertex -0.00862068965517241 -0.019655172413793102 0.014710847591518306
 endloop
endfacet
facet normal -0.033930039322933765 -0.5369649524734146 0.8429219372200297
 outer loop
  vertex -0.005172413793103445 -0.021724137931034483 0.013637048229851853
  vertex -0.0017241379310344793 -0.021724137931034483 0.013775851279612537
  vertex -0.0017241379310344793 -0.019655172413793102 0.015093840433268476
 endloop
endfacet
facet normal -0.03086116139210167 -0.5405482142782287 0.8407468208433193
 outer loop
  vertex -0.005172413793103445 -0.021724137931034483 0.013637048229851853
  vertex -0.0017241379310344793 -0.019655172413793102 0.015093840433268476
  vertex -0.005172413793103445 -0.019655172413793102 0.014967265113248763
 endloop
endfacet
facet normal 0.0 -0.5372743094068086 0.8434075624817676
 outer loop
  vertex -0.0017241379310344793 -0.021724137931034483 0.013775851279612537
  vertex 0.0017241379310344862 -0.021724137931034483 0.013775851279612537
  vertex 0.0017241379310344862 -0.019655172413793102 0.015093840433268476
 endloop
endfacet
facet normal 0.0 -0.5372743094068086 0.8434075624817676
 outer loop
  vertex -0.0017241379310344793 -0.021724137931034483 0.013775851279612537
  vertex 0.0017241379310344862 -0.019655172413793102 0.015093840433268476
  vertex -0.0017241379310344793 -0.019655172413793102 0.015093840433268476
 endloop
endfacet
facet normal 0.033839220937323014 -0.5404960852737638 0.8406657414990165
 outer loop
  vertex 0.0017241379310344862 -0.021724137931034483 0.013775851279612537
  vertex 0.005172413793103452 -0.021724137931034483 0.013637048229851853
  vertex 0.005172413793103452 -0.019655172413793102 0.014967265113248763
 endloop
endfacet
facet normal 0.03094400324296293 -0.537017019307394 0.8430036711886262
 outer loop
  vertex 0.0017241379310344862 -0.021724137931034483 0.013775851279612537
  vertex 0.005172413793103452 -0.019655172413793102 0.014967265113248763
  vertex 0.0017241379310344862 -0.019655172413793102 0.015093840433268476
 endloop
endfacet
facet normal 0.06822716111544642 -0.5468066712179237 0.8344743967298818
 outer loop
  vertex 0.005172413793103452 -0.021724137931034483 0.013637048229851853
  vertex 0.008620689655172417 -0.021724137931034483 0.013355114986922125
  vertex 0.008620689655172417 -0.019655172413793102 0.014710847591518306
 endloop
endfacet
facet normal 0.062426638152971226 -0.5397509985821966 0.8395068638066274
 outer loop
  vertex 0.005172413793103452 -0.021724137931034483 0.013637048229851853
  vertex 0.008620689655172417 -0.019655172413793102 0.014710847591518306
  vertex 0.005172413793103452 -0.019655172413793102 0.014967265113248763
 endloop
endfacet
facet normal 0.10384876759950516 -0.556550805344792 0.824297661368833
 outer loop
  vertex 0.008620689655172417 -0.021724137931034483 0.013355114986922125
  vertex 0.012068965517241383 -0.021724137931034483 0.01292068551392772
  vertex 0.012068965517241383 -0.019655172413793102 0.01431761344277703
 endloop
endfacet
facet normal 0.09495300493018763 -0.5456074330450819 0.832644255285944
 outer loop
  vertex 0.008620689655172417 -0.021724137931034483 0.013355114986922125
  vertex 0.012068965517241383 -0.019655172413793102 0.01431761344277703
  vertex 0.008620689655172417 -0.019655172413793102 0.014710847591518306
 endloop
endfacet
facet normal 0.14150915015805762 -0.5702977060681971 0.8091573931410976
 outer loop
  vertex 0.012068965517241383 -0.021724137931034483 0.01292068551392772
  vertex 0.015517241379310348 -0.021724137931034483 0.012317635241028793
  vertex 0.015517241379310348 -0.019655172413793102 0.013775851279612537
 endloop
endfacet
facet normal 0.12912028811606685 -0.5548921307609472 0.8218410274599338
 outer loop
  vertex 0.012068965517241383 -0.021724137931034483 0.01292068551392772
  vertex 0.015517241379310348 -0.019655172413793102 0.013775851279612537
  vertex 0.012068965517241383 -0.019655172413793102 0.01431761344277703
 endloop
endfacet
facet normal 0.18223851726833956 -0.5889446842825584 0.7873584200852587
 outer loop
  vertex 0.015517241379310348 -0.021724137931034483 0.012317635241028793
  vertex 0.01896551724137932 -0.021724137931034483 0.011519512474820732
  vertex 0.01896551724137932 -0.019655172413793102 0.013067100221721667
 endloop
endfacet
facet normal 0.16568115190168756 -0.5681329861974164 0.8060860164392734
 outer loop
  vertex 0.015517241379310348 -0.021724137931034483 0.012317635241028793
  vertex 0.01896551724137932 -0.019655172413793102 0.013067100221721667
  vertex 0.015517241379310348 -0.019655172413793102 0.013775851279612537
 endloop
endfacet
facet normal 0.22746425198799947 -0.6139119630247136 0.7558916031566182
 outer loop
  vertex 0.01896551724137932 -0.021724137931034483 0.011519512474820732
  vertex 0.02241379310344828 -0.021724137931034483 0.010481851140393562
  vertex 0.02241379310344828 -0.019655172413793102 0.012162201440378207
 endloop
endfacet
facet normal 0.2056465810912608 -0.586172611512793 0.7836524441343546
 outer loop
  vertex 0.01896551724137932 -0.021724137931034483 0.011519512474820732
  vertex 0.02241379310344828 -0.019655172413793102 0.012162201440378207
  vertex 0.01896551724137932 -0.019655172413793102 0.013067100221721667
 endloop
endfacet
facet normal 0.27933246440692155 -0.6475369795322046 0.7089917026782931
 outer loop
  vertex 0.02241379310344828 -0.021724137931034483 0.010481851140393562
  vertex 0.02586206896551725 -0.021724137931034483 0.009123280382981342
  vertex 0.02586206896551725 -0.019655172413793102 0.011012909946669869
 endloop
endfacet
facet normal 0.2504696893067282 -0.6103424296152063 0.7514965424737481
 outer loop
  vertex 0.02241379310344828 -0.021724137931034483 0.010481851140393562
  vertex 0.02586206896551725 -0.019655172413793102 0.011012909946669869
  vertex 0.02241379310344828 -0.019655172413793102 0.012162201440378207
 endloop
endfacet
facet normal 0.3414150336476134 -0.6940068405482329 0.6338692925766783
 outer loop
  vertex 0.02586206896551725 -0.021724137931034483 0.009123280382981342
  vertex 0.02931034482758621 -0.021724137931034483 0.007265968105415678
  vertex 0.02931034482758621 -0.019655172413793102 0.009531224111093277
 endloop
endfacet
facet normal 0.30241881041946267 -0.6428032977289342 0.7038087691506012
 outer loop
  vertex 0.02586206896551725 -0.021724137931034483 0.009123280382981342
  vertex 0.02931034482758621 -0.019655172413793102 0.009531224111093277
  vertex 0.02586206896551725 -0.019655172413793102 0.011012909946669869
 endloop
endfacet
facet normal 0.4210837239950586 -0.762825940873491 0.49069856461673755
 outer loop
  vertex 0.02931034482758621 -0.021724137931034483 0.007265968105415678
  vertex 0.03275862068965518 -0.021724137931034483 0.004306895171309226
  vertex 0.03275862068965518 -0.019655172413793102 0.007523249734231522
 endloop
endfacet
facet normal 0.36553111499585694 -0.6872776557375718 0.6277232096185016
 outer loop
  vertex 0.02931034482758621 -0.021724137931034483 0.007265968105415678
  vertex 0.03275862068965518 -0.019655172413793102 0.007523249734231522
  vertex 0.02931034482758621 -0.019655172413793102 0.009531224111093277
 endloop
endfacet
facet normal -0.5562377109148764 -0.5787665554853666 0.5963462779357163
 outer loop
  vertex -0.03620689655172414 -0.019655172413793102 0.004306895171309239
  vertex -0.03275862068965517 -0.019655172413793102 0.007523249734231533
  vertex -0.03275862068965517 -0.017586206896551722 0.009531224111093283
 endloop
endfacet
facet normal -0.3522964609389356 -0.7670000798534186 0.5362817180500847
 outer loop
  vertex -0.03620689655172414 -0.019655172413793102 0.004306895171309239
  vertex -0.03275862068965517 -0.017586206896551722 0.009531224111093283
  vertex -0.03620689655172414 -0.017586206896551722 0.0072659681054156825
 endloop
endfacet
facet normal -0.4140941995261305 -0.5681849446242389 0.7111201464036606
 outer loop
  vertex -0.03275862068965517 -0.019655172413793102 0.007523249734231533
  vertex -0.029310344827586206 -0.019655172413793102 0.00953122411109328
  vertex -0.029310344827586206 -0.017586206896551722 0.011184327407053005
 endloop
endfacet
facet normal -0.32530785604348833 -0.6585692911866995 0.6785729787592762
 outer loop
  vertex -0.03275862068965517 -0.019655172413793102 0.007523249734231533
  vertex -0.029310344827586206 -0.017586206896551722 0.011184327407053005
  vertex -0.03275862068965517 -0.017586206896551722 0.009531224111093283
 endloop
endfacet
facet normal -0.3313755259200466 -0.5435464904805456 0.7711987250427057
 outer loop
  vertex -0.029310344827586206 -0.019655172413793102 0.00953122411109328
  vertex -0.02586206896551724 -0.019655172413793102 0.011012909946669874
  vertex -0.02586206896551724 -0.017586206896551722 0.012471131944844916
 endloop
endfacet
facet normal -0.2798893209540149 -0.599269929742601 0.7500250124643835
 outer loop
  vertex -0.029310344827586206 -0.019655172413793102 0.00953122411109328
  vertex -0.02586206896551724 -0.017586206896551722 0.012471131944844916
  vertex -0.029310344827586206 -0.017586206896551722 0.011184327407053005
 endloop
endfacet
facet normal -0.2697001269059711 -0.5219827461186867 0.8091945713493744
 outer loop
  vertex -0.02586206896551724 -0.019655172413793102 0.011012909946669874
  vertex -0.022413793103448276 -0.019655172413793102 0.012162201440378207
  vertex -0.022413793103448276 -0.017586206896551722 0.013496817786745469
 endloop
endfacet
facet normal -0.23624701536969187 -0.5597890061166885 0.7942440533990813
 outer loop
  vertex -0.02586206896551724 -0.019655172413793102 0.011012909946669874
  vertex -0.022413793103448276 -0.017586206896551722 0.013496817786745469
  vertex -0.02586206896551724 -0.017586206896551722 0.012471131944844916
 endloop
endfacet
facet normal -0.2191270059481732 -0.504699574652319 0.8350219725312369
 outer loop
  vertex -0.022413793103448276 -0.019655172413793102 0.012162201440378207
  vertex -0.01896551724137931 -0.019655172413793102 0.013067100221721667
  vertex -0.01896551724137931 -0.017586206896551722 0.01431761344277703
 endloop
endfacet
facet normal -0.1961399387734505 -0.531540273430441 0.8240109599631786
 outer loop
  vertex -0.022413793103448276 -0.019655172413793102 0.012162201440378207
  vertex -0.01896551724137931 -0.017586206896551722 0.01431761344277703
  vertex -0.022413793103448276 -0.017586206896551722 0.013496817786745469
 endloop
endfacet
facet normal -0.17535663843365176 -0.49129221166295334 0.8531600155402111
 outer loop
  vertex -0.01896551724137931 -0.019655172413793102 0.013067100221721667
  vertex -0.015517241379310341 -0.019655172413793102 0.013775851279612538
  vertex -0.015517241379310341 -0.017586206896551722 0.014967265113248763
 endloop
endfacet
facet normal -0.15918008552548818 -0.5106757218931516 0.8449094670087481
 outer loop
  vertex -0.01896551724137931 -0.019655172413793102 0.013067100221721667
  vertex -0.015517241379310341 -0.017586206896551722 0.014967265113248763
  vertex -0.01896551724137931 -0.017586206896551722 0.01431761344277703
 endloop
endfacet
facet normal -0.13605391758526905 -0.4812275816708162 0.8659730631774633
 outer loop
  vertex -0.015517241379310341 -0.019655172413793102 0.013775851279612538
  vertex -0.012068965517241376 -0.019655172413793102 0.01431761344277703
  vertex -0.012068965517241376 -0.017586206896551722 0.015467352753107452
 endloop
endfacet
facet normal -0.12469634077580624 -0.4951296984867589 0.8598240542538544
 outer loop
  vertex -0.015517241379310341 -0.019655172413793102 0.013775851279612538
  vertex -0.012068965517241376 -0.017586206896551722 0.015467352753107452
  vertex -0.015517241379310341 -0.017586206896551722 0.014967265113248763
 endloop
endfacet
facet normal -0.09976191733990944 -0.4740765662562862 0.8748136768337096
 outer loop
  vertex -0.012068965517241376 -0.019655172413793102 0.01431761344277703
  vertex -0.00862068965517241 -0.019655172413793102 0.014710847591518306
  vertex -0.00862068965517241 -0.017586206896551722 0.015832055563102066
 endloop
endfacet
facet normal -0.09205570260225535 -0.4836817682844391 0.8703893925408577
 outer loop
  vertex -0.012068965517241376 -0.019655172413793102 0.01431761344277703
  vertex -0.00862068965517241 -0.017586206896551722 0.015832055563102066
  vertex -0.012068965517241376 -0.017586206896551722 0.015467352753107452
 endloop
endfacet
facet normal -0.06547351099365133 -0.4695387342303648 0.8804808892960204
 outer loop
  vertex -0.00862068965517241 -0.019655172413793102 0.014710847591518306
  vertex -0.005172413793103445 -0.019655172413793102 0.014967265113248763
  vertex -0.005172413793103445 -0.017586206896551722 0.01607059337618075
 endloop
endfacet
facet normal -0.06070731409584786 -0.4755746661938492 0.8775781212461241
 outer loop
  vertex -0.00862068965517241 -0.019655172413793102 0.014710847591518306
  vertex -0.005172413793103445 -0.017586206896551722 0.01607059337618075
  vertex -0.00862068965517241 -0.017586206896551722 0.015832055563102066
 endloop
endfacet
facet normal -0.032428090201881046 -0.46743123240423917 0.883434469521601
 outer loop
  vertex -0.005172413793103445 -0.019655172413793102 0.014967265113248763
  vertex -0.0017241379310344793 -0.019655172413793102 0.015093840433268476
  vertex -0.0017241379310344793 -0.017586206896551722 0.01618854426800759
 endloop
endfacet
facet normal -0.030168540472107142 -0.4703342048930715 0.8819725590251576
 outer loop
  vertex -0.005172413793103445 -0.019655172413793102 0.014967265113248763
  vertex -0.0017241379310344793 -0.017586206896551722 0.01618854426800759
  vertex -0.005172413793103445 -0.017586206896551722 0.01607059337618075
 endloop
endfacet
facet normal 0.0 -0.4676771973196586 0.8838993376551592
 outer loop
  vertex -0.0017241379310344793 -0.019655172413793102 0.015093840433268476
  vertex 0.0017241379310344862 -0.019655172413793102 0.015093840433268476
  vertex 0.0017241379310344862 -0.017586206896551722 0.01618854426800759
 endloop
endfacet
facet normal 0.0 -0.4676771973196586 0.8838993376551592
 outer loop
  vertex -0.0017241379310344793 -0.019655172413793102 0.015093840433268476
  vertex 0.0017241379310344862 -0.017586206896551722 0.01618854426800759
  vertex -0.0017241379310344793 -0.017586206896551722 0.01618854426800759
 endloop
endfacet
facet normal 0.03237219508142509 -0.47030176394736983 0.8819117256356231
 outer loop
  vertex 0.0017241379310344862 -0.019655172413793102 0.015093840433268476
  vertex 0.005172413793103452 -0.019655172413793102 0.014967265113248763
  vertex 0.005172413793103452 -0.017586206896551722 0.01607059337618075
 endloop
endfacet
facet normal 0.030220637879942343 -0.4674635867951242 0.8834956185894568
 outer loop
  vertex 0.0017241379310344862 -0.019655172413793102 0.015093840433268476
  vertex 0.005172413793103452 -0.017586206896551722 0.01607059337618075
  vertex 0.0017241379310344862 -0.017586206896551722 0.01618854426800759
 endloop
endfacet
facet normal 0.06523896373779486 -0.47543842887597154 0.877326722469096
 outer loop
  vertex 0.005172413793103452 -0.019655172413793102 0.014967265113248763
  vertex 0.008620689655172417 -0.019655172413793102 0.014710847591518306
  vertex 0.008620689655172417 -0.017586206896551722 0.015832055563102066
 endloop
endfacet
facet normal 0.06092569493177913 -0.4696742505895721 0.8807350101081501
 outer loop
  vertex 0.005172413793103452 -0.019655172413793102 0.014967265113248763
  vertex 0.008620689655172417 -0.017586206896551722 0.015832055563102066
  vertex 0.005172413793103452 -0.017586206896551722 0.01607059337618075
 endloop
endfacet
facet normal 0.09918907462505346 -0.48334890978976713 0.8697904108922271
 outer loop
  vertex 0.008620689655172417 -0.019655172413793102 0.014710847591518306
  vertex 0.012068965517241383 -0.019655172413793102 0.01431761344277703
  vertex 0.012068965517241383 -0.017586206896551722 0.015467352753107452
 endloop
endfacet
facet normal 0.09258808709235891 -0.47440682512233806 0.8754231036509836
 outer loop
  vertex 0.008620689655172417 -0.019655172413793102 0.014710847591518306
  vertex 0.012068965517241383 -0.017586206896551722 0.015467352753107452
  vertex 0.008620689655172417 -0.017586206896551722 0.015832055563102066
 endloop
endfacet
facet normal 0.13490587081672384 -0.49446273555094084 0.8586658309090107
 outer loop
  vertex 0.012068965517241383 -0.019655172413793102 0.01431761344277703
  vertex 0.015517241379310348 -0.019655172413793102 0.013775851279612537
  vertex 0.015517241379310348 -0.017586206896551722 0.014967265113248763
 endloop
endfacet
facet normal 0.12576040604297695 -0.4818878098766308 0.8671611493627985
 outer loop
  vertex 0.012068965517241383 -0.019655172413793102 0.01431761344277703
  vertex 0.015517241379310348 -0.017586206896551722 0.014967265113248763
  vertex 0.012068965517241383 -0.017586206896551722 0.015467352753107452
 endloop
endfacet
facet normal 0.17324384140614388 -0.5094494786117121 0.8428806559395569
 outer loop
  vertex 0.015517241379310348 -0.019655172413793102 0.013775851279612537
  vertex 0.01896551724137932 -0.019655172413793102 0.013067100221721667
  vertex 0.01896551724137932 -0.017586206896551722 0.01431761344277703
 endloop
endfacet
facet normal 0.16113089714662862 -0.4925038771092807 0.8552641492644533
 outer loop
  vertex 0.015517241379310348 -0.019655172413793102 0.013775851279612537
  vertex 0.01896551724137932 -0.017586206896551722 0.01431761344277703
  vertex 0.015517241379310348 -0.017586206896551722 0.014967265113248763
 endloop
endfacet
facet normal 0.21534695656417915 -0.5293512274457484 0.8206174299271404
 outer loop
  vertex 0.01896551724137932 -0.019655172413793102 0.013067100221721667
  vertex 0.02241379310344828 -0.019655172413793102 0.012162201440378207
  vertex 0.02241379310344828 -0.017586206896551722 0.013496817786745469
 endloop
endfacet
facet normal 0.19961213779506004 -0.5068610673914362 0.8385981473910492
 outer loop
  vertex 0.01896551724137932 -0.019655172413793102 0.013067100221721667
  vertex 0.02241379310344828 -0.017586206896551722 0.013496817786745469
  vertex 0.01896551724137932 -0.017586206896551722 0.01431761344277703
 endloop
endfacet
facet normal 0.2628493868674377 -0.5558391992446539 0.7886399586671182
 outer loop
  vertex 0.02241379310344828 -0.019655172413793102 0.012162201440378207
  vertex 0.02586206896551725 -0.019655172413793102 0.011012909946669869
  vertex 0.02586206896551725 -0.017586206896551722 0.012471131944844914
 endloop
endfacet
facet normal 0.2424957428752892 -0.5258900421304835 0.8152517882687288
 outer loop
  vertex 0.02241379310344828 -0.019655172413793102 0.012162201440378207
  vertex 0.02586206896551725 -0.017586206896551722 0.012471131944844914
  vertex 0.02241379310344828 -0.017586206896551722 0.013496817786745469
 endloop
endfacet
facet normal 0.3182414988246012 -0.5917652019367812 0.7406323610284606
 outer loop
  vertex 0.02586206896551725 -0.019655172413793102 0.011012909946669869
  vertex 0.02931034482758621 -0.019655172413793102 0.009531224111093277
  vertex 0.02931034482758621 -0.017586206896551722 0.011184327407053003
 endloop
endfacet
facet normal 0.29175438042867774 -0.5510324776222617 0.7818200496956764
 outer loop
  vertex 0.02586206896551725 -0.019655172413793102 0.011012909946669869
  vertex 0.02931034482758621 -0.017586206896551722 0.011184327407053003
  vertex 0.02586206896551725 -0.017586206896551722 0.012471131944844914
 endloop
endfacet
facet normal 0.38556147431165744 -0.642602457186096 0.6621211607742292
 outer loop
  vertex 0.02931034482758621 -0.019655172413793102 0.009531224111093277
  vertex 0.03275862068965518 -0.019655172413793102 0.007523249734231522
  vertex 0.03275862068965518 -0.017586206896551722 0.009531224111093275
 endloop
endfacet
facet normal 0.35073844867190546 -0.5845640811198427 0.7316196933432964
 outer loop
  vertex 0.02931034482758621 -0.019655172413793102 0.009531224111093277
  vertex 0.03275862068965518 -0.017586206896551722 0.009531224111093275
  vertex 0.02931034482758621 -0.017586206896551722 0.011184327407053003
 endloop
endfacet
facet normal 0.4713748374496624 -0.7227812813278136 0.5053642072618799
 outer loop
  vertex 0.03275862068965518 -0.019655172413793102 0.007523249734231522
  vertex 0.03620689655172414 -0.019655172413793102 0.004306895171309239
  vertex 0.03620689655172414 -0.017586206896551722 0.0072659681054156825
 endloop
endfacet
facet normal 0.4264069709193884 -0.6299613741782869 0.6490961116774281
 outer loop
  vertex 0.03275862068965518 -0.019655172413793102 0.007523249734231522
  vertex 0.03620689655172414 -0.017586206896551722 0.0072659681054156825
  vertex 0.03275862068965518 -0.017586206896551722 0.009531224111093275
 endloop
endfacet
facet normal -0.649522978690197 -0.5079228601590191 0.5658040900181752
 outer loop
  vertex -0.039655172413793106 -0.017586206896551722 0.003307470016077737
  vertex -0.03620689655172414 -0.017586206896551722 0.0072659681054156825
  vertex -0.03620689655172414 -0.015517241379310343 0.009123280382981347
 endloop
endfacet
facet normal -0.3955905719350519 -0.7658139029220816 0.5069883287486476
 outer loop
  vertex -0.039655172413793106 -0.017586206896551722 0.003307470016077737
  vertex -0.03620689655172414 -0.015517241379310343 0.009123280382981347
  vertex -0.039655172413793106 -0.015517241379310343 0.006432675209026768
 endloop
endfacet
facet normal -0.47110803612337165 -0.5135799974342602 0.7171421090240102
 outer loop
  vertex -0.03620689655172414 -0.017586206896551722 0.0072659681054156825
  vertex -0.03275862068965517 -0.017586206896551722 0.009531224111093283
  vertex -0.03275862068965517 -0.015517241379310343 0.011012909946669876
 endloop
endfacet
facet normal -0.37759714425866225 -0.618565516298329 0.6890552218032201
 outer loop
  vertex -0.03620689655172414 -0.017586206896551722 0.0072659681054156825
  vertex -0.03275862068965517 -0.015517241379310343 0.011012909946669876
  vertex -0.03620689655172414 -0.015517241379310343 0.009123280382981347
 endloop
endfacet
facet normal -0.37704187297383607 -0.489159988031902 0.7864870832588486
 outer loop
  vertex -0.03275862068965517 -0.017586206896551722 0.009531224111093283
  vertex -0.029310344827586206 -0.017586206896551722 0.011184327407053005
  vertex -0.029310344827586206 -0.015517241379310343 0.012471131944844916
 endloop
endfacet
facet normal -0.3251322494935819 -0.5506064341445671 0.7688443112996595
 outer loop
  vertex -0.03275862068965517 -0.017586206896551722 0.009531224111093283
  vertex -0.029310344827586206 -0.015517241379310343 0.012471131944844916
  vertex -0.03275862068965517 -0.015517241379310343 0.011012909946669876
 endloop
endfacet
facet normal -0.30917731277881566 -0.4668863236241274 0.8285086300550026
 outer loop
  vertex -0.029310344827586206 -0.017586206896551722 0.011184327407053005
  vertex -0.02586206896551724 -0.017586206896551722 0.012471131944844916
  vertex -0.02586206896551724 -0.015517241379310343 0.013637048229851857
 endloop
endfacet
facet normal -0.2759644808847419 -0.5076298513572964 0.8161835206012089
 outer loop
  vertex -0.029310344827586206 -0.017586206896551722 0.011184327407053005
  vertex -0.02586206896551724 -0.015517241379310343 0.013637048229851857
  vertex -0.029310344827586206 -0.015517241379310343 0.012471131944844916
 endloop
endfacet
facet normal -0.2547749933502286 -0.4488204235375252 0.8565336713632381
 outer loop
  vertex -0.02586206896551724 -0.017586206896551722 0.012471131944844916
  vertex -0.022413793103448276 -0.017586206896551722 0.013496817786745469
  vertex -0.022413793103448276 -0.015517241379310343 0.014580947939217914
 endloop
endfacet
facet normal -0.2319678225253766 -0.4775490785660903 0.8474301191682494
 outer loop
  vertex -0.02586206896551724 -0.017586206896551722 0.012471131944844916
  vertex -0.022413793103448276 -0.015517241379310343 0.014580947939217914
  vertex -0.02586206896551724 -0.015517241379310343 0.013637048229851857
 endloop
endfacet
facet normal -0.20855085948284988 -0.4345872176327365 0.8761509511945993
 outer loop
  vertex -0.022413793103448276 -0.017586206896551722 0.013496817786745469
  vertex -0.01896551724137931 -0.017586206896551722 0.01431761344277703
  vertex -0.01896551724137931 -0.015517241379310343 0.015343858938818613
 endloop
endfacet
facet normal -0.19231202803046749 -0.45547311193590156 0.8692297326818926
 outer loop
  vertex -0.022413793103448276 -0.017586206896551722 0.013496817786745469
  vertex -0.01896551724137931 -0.015517241379310343 0.015343858938818613
  vertex -0.022413793103448276 -0.015517241379310343 0.014580947939217914
 endloop
endfacet
facet normal -0.16771129880322733 -0.42359277545790514 0.890192159499062
 outer loop
  vertex -0.01896551724137931 -0.017586206896551722 0.01431761344277703
  vertex -0.015517241379310341 -0.017586206896551722 0.014967265113248763
  vertex -0.015517241379310341 -0.015517241379310343 0.01595177035340742
 endloop
endfacet
facet normal -0.15599958053252586 -0.4389177520054999 0.8848815388785747
 outer loop
  vertex -0.01896551724137931 -0.017586206896551722 0.01431761344277703
  vertex -0.015517241379310341 -0.015517241379310343 0.01595177035340742
  vertex -0.01896551724137931 -0.015517241379310343 0.015343858938818613
 endloop
endfacet
facet normal -0.13055863563634254 -0.41534386011892005 0.900246588731272
 outer loop
  vertex -0.015517241379310341 -0.017586206896551722 0.014967265113248763
  vertex -0.012068965517241376 -0.017586206896551722 0.015467352753107452
  vertex -0.012068965517241376 -0.015517241379310343 0.016421904689366426
 endloop
endfacet
facet normal -0.12218910956965663 -0.42645902621378967 0.8962156662675345
 outer loop
  vertex -0.015517241379310341 -0.017586206896551722 0.014967265113248763
  vertex -0.012068965517241376 -0.015517241379310343 0.016421904689366426
  vertex -0.015517241379310341 -0.015517241379310343 0.01595177035340742
 endloop
endfacet
facet normal -0.09595518285086697 -0.409479596299001 0.9072590936986326
 outer loop
  vertex -0.012068965517241376 -0.017586206896551722 0.015467352753107452
  vertex -0.00862068965517241 -0.017586206896551722 0.015832055563102066
  vertex -0.00862068965517241 -0.015517241379310343 0.016765856249852714
 endloop
endfacet
facet normal -0.09020197539773177 -0.4172218812272832 0.904317148714716
 outer loop
  vertex -0.012068965517241376 -0.017586206896551722 0.015467352753107452
  vertex -0.00862068965517241 -0.015517241379310343 0.016765856249852714
  vertex -0.012068965517241376 -0.015517241379310343 0.016421904689366426
 endloop
endfacet
facet normal -0.06307483826507923 -0.4057551552856081 0.9118027850017711
 outer loop
  vertex -0.00862068965517241 -0.017586206896551722 0.015832055563102066
  vertex -0.005172413793103445 -0.017586206896551722 0.01607059337618075
  vertex -0.005172413793103445 -0.015517241379310343 0.01699128964793782
 endloop
endfacet
facet normal -0.05948213539282663 -0.4106494375650514 0.9098510400041409
 outer loop
  vertex -0.00862068965517241 -0.017586206896551722 0.015832055563102066
  vertex -0.005172413793103445 -0.015517241379310343 0.01699128964793782
  vertex -0.00862068965517241 -0.015517241379310343 0.016765856249852714
 endloop
endfacet
facet normal -0.03127138821294807 -0.4040230269183195 0.9142141401219923
 outer loop
  vertex -0.005172413793103445 -0.017586206896551722 0.01607059337618075
  vertex -0.0017241379310344793 -0.017586206896551722 0.01618854426800759
  vertex -0.0017241379310344793 -0.015517241379310343 0.017102892093292753
 endloop
endfacet
facet normal -0.029556191811658118 -0.4063870870957253 0.9132228462798354
 outer loop
  vertex -0.005172413793103445 -0.017586206896551722 0.01607059337618075
  vertex -0.0017241379310344793 -0.015517241379310343 0.017102892093292753
  vertex -0.005172413793103445 -0.015517241379310343 0.01699128964793782
 endloop
endfacet
facet normal 0.0 -0.4042207189249626 0.9146614731100171
 outer loop
  vertex -0.0017241379310344793 -0.017586206896551722 0.01618854426800759
  vertex 0.0017241379310344862 -0.017586206896551722 0.01618854426800759
  vertex 0.0017241379310344862 -0.015517241379310343 0.017102892093292753
 endloop
endfacet
facet normal 0.0 -0.4042207189249626 0.9146614731100171
 outer loop
  vertex -0.0017241379310344793 -0.017586206896551722 0.01618854426800759
  vertex 0.0017241379310344862 -0.015517241379310343 0.017102892093292753
  vertex -0.0017241379310344793 -0.015517241379310343 0.017102892093292753
 endloop
endfacet
facet normal 0.0312358839594677 -0.4063663199305322 0.9131761788282625
 outer loop
  vertex 0.0017241379310344862 -0.017586206896551722 0.01618854426800759
  vertex 0.005172413793103452 -0.017586206896551722 0.01607059337618075
  vertex 0.005172413793103452 -0.015517241379310343 0.01699128964793782
 endloop
endfacet
facet normal 0.029589790283475376 -0.40404372129862154 0.9142609668962914
 outer loop
  vertex 0.0017241379310344862 -0.017586206896551722 0.01618854426800759
  vertex 0.005172413793103452 -0.015517241379310343 0.01699128964793782
  vertex 0.0017241379310344862 -0.015517241379310343 0.017102892093292753
 endloop
endfacet
facet normal 0.06292650752594849 -0.4105625517966797 0.9096585324795152
 outer loop
  vertex 0.005172413793103452 -0.017586206896551722 0.01607059337618075
  vertex 0.008620689655172417 -0.017586206896551722 0.015832055563102066
  vertex 0.008620689655172417 -0.015517241379310343 0.016765856249852714
 endloop
endfacet
facet normal 0.05962240659869318 -0.40584142910860216 0.9119966573680344
 outer loop
  vertex 0.005172413793103452 -0.017586206896551722 0.01607059337618075
  vertex 0.008620689655172417 -0.015517241379310343 0.016765856249852714
  vertex 0.005172413793103452 -0.015517241379310343 0.01699128964793782
 endloop
endfacet
facet normal 0.09559570174228714 -0.41701105528216764 0.9038601891779793
 outer loop
  vertex 0.008620689655172417 -0.017586206896551722 0.015832055563102066
  vertex 0.012068965517241383 -0.017586206896551722 0.015467352753107452
  vertex 0.012068965517241383 -0.015517241379310343 0.016421904689366426
 endloop
endfacet
facet normal 0.09054151876612428 -0.40968817568244054 0.9077212303816176
 outer loop
  vertex 0.008620689655172417 -0.017586206896551722 0.015832055563102066
  vertex 0.012068965517241383 -0.015517241379310343 0.016421904689366426
  vertex 0.008620689655172417 -0.015517241379310343 0.016765856249852714
 endloop
endfacet
facet normal 0.12984666254744223 -0.42604105596101854 0.8953372899979711
 outer loop
  vertex 0.012068965517241383 -0.017586206896551722 0.015467352753107452
  vertex 0.015517241379310348 -0.017586206896551722 0.014967265113248763
  vertex 0.015517241379310348 -0.015517241379310343 0.01595177035340742
 endloop
endfacet
facet normal 0.12286042097992825 -0.41575582326824195 0.901139507720742
 outer loop
  vertex 0.012068965517241383 -0.017586206896551722 0.015467352753107452
  vertex 0.015517241379310348 -0.015517241379310343 0.01595177035340742
  vertex 0.012068965517241383 -0.015517241379310343 0.016421904689366426
 endloop
endfacet
facet normal 0.16642340049484217 -0.43816112786959527 0.8833561443674784
 outer loop
  vertex 0.015517241379310348 -0.017586206896551722 0.014967265113248763
  vertex 0.01896551724137932 -0.017586206896551722 0.01431761344277703
  vertex 0.01896551724137932 -0.015517241379310343 0.015343858938818613
 endloop
endfacet
facet normal 0.15721103385046292 -0.4243356376225518 0.8917533052807437
 outer loop
  vertex 0.015517241379310348 -0.017586206896551722 0.014967265113248763
  vertex 0.01896551724137932 -0.015517241379310343 0.015343858938818613
  vertex 0.015517241379310348 -0.015517241379310343 0.01595177035340742
 endloop
endfacet
facet normal 0.20630340029623742 -0.4541522914893511 0.8667090648892406
 outer loop
  vertex 0.01896551724137932 -0.017586206896551722 0.01431761344277703
  vertex 0.02241379310344828 -0.017586206896551722 0.013496817786745469
  vertex 0.02241379310344828 -0.015517241379310343 0.014580947939217914
 endloop
endfacet
facet normal 0.19441947102638846 -0.43587894828284 0.8787551489064883
 outer loop
  vertex 0.01896551724137932 -0.017586206896551722 0.01431761344277703
  vertex 0.02241379310344828 -0.015517241379310343 0.014580947939217914
  vertex 0.01896551724137932 -0.015517241379310343 0.015343858938818613
 endloop
endfacet
facet normal 0.2508498738980374 -0.4752429075939481 0.8433377256751821
 outer loop
  vertex 0.02241379310344828 -0.017586206896551722 0.013496817786745469
  vertex 0.02586206896551725 -0.017586206896551722 0.012471131944844914
  vertex 0.02586206896551725 -0.015517241379310343 0.013637048229851853
 endloop
endfacet
facet normal 0.2356336428152899 -0.4510675844374545 0.8608221771326271
 outer loop
  vertex 0.02241379310344828 -0.017586206896551722 0.013496817786745469
  vertex 0.02586206896551725 -0.015517241379310343 0.013637048229851853
  vertex 0.02241379310344828 -0.015517241379310343 0.014580947939217914
 endloop
endfacet
facet normal 0.30207927834182996 -0.503465463903049 0.8094878851801098
 outer loop
  vertex 0.02586206896551725 -0.017586206896551722 0.012471131944844914
  vertex 0.02931034482758621 -0.017586206896551722 0.011184327407053003
  vertex 0.02931034482758621 -0.015517241379310343 0.012471131944844914
 endloop
endfacet
facet normal 0.2825604960698762 -0.47093416011645955 0.8356916793268616
 outer loop
  vertex 0.02586206896551725 -0.017586206896551722 0.012471131944844914
  vertex 0.02931034482758621 -0.015517241379310343 0.012471131944844914
  vertex 0.02586206896551725 -0.015517241379310343 0.013637048229851853
 endloop
endfacet
facet normal 0.3631513049719249 -0.54249094824982 0.7575121786243434
 outer loop
  vertex 0.02931034482758621 -0.017586206896551722 0.011184327407053003
  vertex 0.03275862068965518 -0.017586206896551722 0.009531224111093275
  vertex 0.03275862068965518 -0.015517241379310343 0.011012909946669867
 endloop
endfacet
facet normal 0.33796593848892353 -0.49706206577932865 0.7991922967499672
 outer loop
  vertex 0.02931034482758621 -0.017586206896551722 0.011184327407053003
  vertex 0.03275862068965518 -0.015517241379310343 0.011012909946669867
  vertex 0.02931034482758621 -0.015517241379310343 0.012471131944844914
 endloop
endfacet
facet normal 0.4391793152833939 -0.6001478657631418 0.6685387559799022
 outer loop
  vertex 0.03275862068965518 -0.017586206896551722 0.009531224111093275
  vertex 0.03620689655172414 -0.017586206896551722 0.0072659681054156825
  vertex 0.03620689655172414 -0.015517241379310343 0.009123280382981347
 endloop
endfacet
facet normal 0.40696412285953026 -0.5318440785220944 0.74264532506854
 outer loop
  vertex 0.03275862068965518 -0.017586206896551722 0.009531224111093275
  vertex 0.03620689655172414 -0.015517241379310343 0.009123280382981347
  vertex 0.03275862068965518 -0.015517241379310343 0.011012909946669867
 endloop
endfacet
facet normal 0.5352714100413672 -0.7043214170900414 0.4662787353296334
 outer loop
  vertex 0.03620689655172414 -0.017586206896551722 0.0072659681054156825
  vertex 0.03965517241379311 -0.017586206896551722 0.0033074700160777306
  vertex 0.03965517241379311 -0.015517241379310343 0.006432675209026765
 endloop
endfacet
facet normal 0.5021305736856584 -0.577697345114826 0.643529847339961
 outer loop
  vertex 0.03620689655172414 -0.017586206896551722 0.0072659681054156825
  vertex 0.03965517241379311 -0.015517241379310343 0.006432675209026765
  vertex 0.03620689655172414 -0.015517241379310343 0.009123280382981347
 endloop
endfacet
facet normal -0.5463008801159386 -0.4597406856386523 0.7001384508460115
 outer loop
  vertex -0.039655172413793106 -0.015517241379310343 0.006432675209026768
  vertex -0.03620689655172414 -0.015517241379310343 0.009123280382981347
  vertex -0.03620689655172414 -0.013448275862068964 0.010481851140393562
 endloop
endfacet
facet normal -0.43802770123667645 -0.5927204117722529 0.6758803491875199
 outer loop
  vertex -0.039655172413793106 -0.015517241379310343 0.006432675209026768
  vertex -0.03620689655172414 -0.013448275862068964 0.010481851140393562
  vertex -0.039655172413793106 -0.013448275862068964 0.008247076374552688
 endloop
endfacet
facet normal -0.43203082810235965 -0.4379424106001252 0.7883881078294755
 outer loop
  vertex -0.03620689655172414 -0.015517241379310343 0.009123280382981347
  vertex -0.03275862068965517 -0.015517241379310343 0.011012909946669876
  vertex -0.03275862068965517 -0.013448275862068964 0.012162201440378209
 endloop
endfacet
facet normal -0.37723867220548757 -0.5083319319668753 0.774137992308519
 outer loop
  vertex -0.03620689655172414 -0.015517241379310343 0.009123280382981347
  vertex -0.03275862068965517 -0.013448275862068964 0.012162201440378209
  vertex -0.03620689655172414 -0.013448275862068964 0.010481851140393562
 endloop
endfacet
facet normal -0.3543035996108345 -0.4153507791338059 0.837826169068349
 outer loop
  vertex -0.03275862068965517 -0.015517241379310343 0.011012909946669876
  vertex -0.029310344827586206 -0.015517241379310343 0.012471131944844916
  vertex -0.029310344827586206 -0.013448275862068964 0.013496817786745469
 endloop
endfacet
facet normal -0.3204945942075827 -0.4599845140326669 0.8280685128259908
 outer loop
  vertex -0.03275862068965517 -0.015517241379310343 0.011012909946669876
  vertex -0.029310344827586206 -0.013448275862068964 0.013496817786745469
  vertex -0.03275862068965517 -0.013448275862068964 0.012162201440378209
 endloop
endfacet
facet normal -0.29401842051266963 -0.39671787937519576 0.8695792618176232
 outer loop
  vertex -0.029310344827586206 -0.015517241379310343 0.012471131944844916
  vertex -0.02586206896551724 -0.015517241379310343 0.013637048229851857
  vertex -0.02586206896551724 -0.013448275862068964 0.014580947939217914
 endloop
endfacet
facet normal -0.27113207727074123 -0.427526055962108 0.8623855681470656
 outer loop
  vertex -0.029310344827586206 -0.015517241379310343 0.012471131944844916
  vertex -0.02586206896551724 -0.013448275862068964 0.014580947939217914
  vertex -0.029310344827586206 -0.013448275862068964 0.013496817786745469
 endloop
endfacet
facet normal -0.24400610270472933 -0.3819053053866652 0.8914086378089272
 outer loop
  vertex -0.02586206896551724 -0.015517241379310343 0.013637048229851857
  vertex -0.022413793103448276 -0.015517241379310343 0.014580947939217914
  vertex -0.022413793103448276 -0.013448275862068964 0.015467352753107452
 endloop
endfacet
facet normal -0.22772410049066946 -0.40415828994579484 0.8858881479756946
 outer loop
  vertex -0.02586206896551724 -0.015517241379310343 0.013637048229851857
  vertex -0.022413793103448276 -0.013448275862068964 0.015467352753107452
  vertex -0.02586206896551724 -0.013448275862068964 0.014580947939217914
 endloop
endfacet
facet normal -0.2006648738558303 -0.37028931535109333 0.906983699598423
 outer loop
  vertex -0.022413793103448276 -0.015517241379310343 0.014580947939217914
  vertex -0.01896551724137931 -0.015517241379310343 0.015343858938818613
  vertex -0.01896551724137931 -0.013448275862068964 0.01618854426800759
 endloop
endfacet
facet normal -0.1887880201269713 -0.38672716467089324 0.9026633833063963
 outer loop
  vertex -0.022413793103448276 -0.015517241379310343 0.014580947939217914
  vertex -0.01896551724137931 -0.013448275862068964 0.01618854426800759
  vertex -0.022413793103448276 -0.013448275862068964 0.015467352753107452
 endloop
endfacet
facet normal -0.16188770612730546 -0.3613204577821152 0.9182809468746272
 outer loop
  vertex -0.01896551724137931 -0.015517241379310343 0.015343858938818613
  vertex -0.015517241379310341 -0.015517241379310343 0.01595177035340742
  vertex -0.015517241379310341 -0.013448275862068964 0.016765856249852714
 endloop
endfacet
facet normal -0.15317129922463776 -0.37351713162773115 0.9148898870762692
 outer loop
  vertex -0.01896551724137931 -0.015517241379310343 0.015343858938818613
  vertex -0.015517241379310341 -0.013448275862068964 0.016765856249852714
  vertex -0.01896551724137931 -0.013448275862068964 0.01618854426800759
 endloop
endfacet
facet normal -0.12631155618010473 -0.35458611939507506 0.9264524136229025
 outer loop
  vertex -0.015517241379310341 -0.015517241379310343 0.01595177035340742
  vertex -0.012068965517241376 -0.015517241379310343 0.016421904689366426
  vertex -0.012068965517241376 -0.013448275862068964 0.017213770999101635
 endloop
endfacet
facet normal -0.12000132142402475 -0.3635043777486292 0.9238312888260874
 outer loop
  vertex -0.015517241379310341 -0.015517241379310343 0.01595177035340742
  vertex -0.012068965517241376 -0.013448275862068964 0.017213770999101635
  vertex -0.015517241379310341 -0.013448275862068964 0.016765856249852714
 endloop
endfacet
facet normal -0.09298326100708978 -0.3497937995209848 0.932200842624142
 outer loop
  vertex -0.012068965517241376 -0.015517241379310343 0.016421904689366426
  vertex -0.00862068965517241 -0.015517241379310343 0.016765856249852714
  vertex -0.00862068965517241 -0.013448275862068964 0.017542203230312973
 endloop
endfacet
facet normal -0.08860288945298317 -0.35604322817849493 0.9302595055406953
 outer loop
  vertex -0.012068965517241376 -0.015517241379310343 0.016421904689366426
  vertex -0.00862068965517241 -0.013448275862068964 0.017542203230312973
  vertex -0.012068965517241376 -0.013448275862068964 0.017213770999101635
 endloop
endfacet
facet normal -0.06118906429498619 -0.34674730858874053 0.935960577373411
 outer loop
  vertex -0.00862068965517241 -0.015517241379310343 0.016765856249852714
  vertex -0.005172413793103445 -0.015517241379310343 0.01699128964793782
  vertex -0.005172413793103445 -0.013448275862068964 0.017757783709770665
 endloop
endfacet
facet normal -0.05843321891361641 -0.35071552842103965 0.9346572511095949
 outer loop
  vertex -0.00862068965517241 -0.015517241379310343 0.016765856249852714
  vertex -0.005172413793103445 -0.013448275862068964 0.017757783709770665
  vertex -0.00862068965517241 -0.013448275862068964 0.017542203230312973
 endloop
endfacet
facet normal -0.03035779392086375 -0.34532880389751597 0.937990629775676
 outer loop
  vertex -0.005172413793103445 -0.015517241379310343 0.01699128964793782
  vertex -0.0017241379310344793 -0.015517241379310343 0.017102892093292753
  vertex -0.0017241379310344793 -0.013448275862068964 0.017864598409639474
 endloop
endfacet
facet normal -0.02903474327602536 -0.3472518035945791 0.9373223397440217
 outer loop
  vertex -0.005172413793103445 -0.015517241379310343 0.01699128964793782
  vertex -0.0017241379310344793 -0.013448275862068964 0.017864598409639474
  vertex -0.005172413793103445 -0.013448275862068964 0.017757783709770665
 endloop
endfacet
facet normal 0.0 -0.34548804073199996 0.9384231528000383
 outer loop
  vertex -0.0017241379310344793 -0.015517241379310343 0.017102892093292753
  vertex 0.0017241379310344862 -0.015517241379310343 0.017102892093292753
  vertex 0.0017241379310344862 -0.013448275862068964 0.017864598409639474
 endloop
endfacet
facet normal 0.0 -0.34548804073199996 0.9384231528000383
 outer loop
  vertex -0.0017241379310344793 -0.015517241379310343 0.017102892093292753
  vertex 0.0017241379310344862 -0.013448275862068964 0.017864598409639474
  vertex -0.0017241379310344793 -0.013448275862068964 0.017864598409639474
 endloop
endfacet
facet normal 0.030334992990350848 -0.3472383888915874 0.9372861299945978
 outer loop
  vertex 0.0017241379310344862 -0.015517241379310343 0.017102892093292753
  vertex 0.005172413793103452 -0.015517241379310343 0.01699128964793782
  vertex 0.005172413793103452 -0.013448275862068964 0.017757783709770665
 endloop
endfacet
facet normal 0.029056568577707716 -0.3453421648921777 0.9380269212395094
 outer loop
  vertex 0.0017241379310344862 -0.015517241379310343 0.017102892093292753
  vertex 0.005172413793103452 -0.013448275862068964 0.017757783709770665
  vertex 0.0017241379310344862 -0.013448275862068964 0.017864598409639474
 endloop
endfacet
facet normal 0.06109410737030635 -0.3506595605304973 0.9345080966225944
 outer loop
  vertex 0.005172413793103452 -0.015517241379310343 0.01699128964793782
  vertex 0.008620689655172417 -0.015517241379310343 0.016765856249852714
  vertex 0.008620689655172417 -0.013448275862068964 0.017542203230312973
 endloop
endfacet
facet normal 0.0585240691525216 -0.346802824267352 0.936110428533952
 outer loop
  vertex 0.005172413793103452 -0.015517241379310343 0.01699128964793782
  vertex 0.008620689655172417 -0.013448275862068964 0.017542203230312973
  vertex 0.005172413793103452 -0.013448275862068964 0.017757783709770665
 endloop
endfacet
facet normal 0.09275440639521043 -0.35590810810690326 0.9299064677041649
 outer loop
  vertex 0.008620689655172417 -0.015517241379310343 0.016765856249852714
  vertex 0.012068965517241383 -0.015517241379310343 0.016421904689366426
  vertex 0.012068965517241383 -0.013448275862068964 0.017213770999101635
 endloop
endfacet
facet normal 0.08882166759068816 -0.3499272548005182 0.9325565010840804
 outer loop
  vertex 0.008620689655172417 -0.015517241379310343 0.016765856249852714
  vertex 0.012068965517241383 -0.013448275862068964 0.017213770999101635
  vertex 0.008620689655172417 -0.013448275862068964 0.017542203230312973
 endloop
endfacet
facet normal 0.12586208847277075 -0.3632385585913565 0.9231557204706833
 outer loop
  vertex 0.012068965517241383 -0.015517241379310343 0.016421904689366426
  vertex 0.015517241379310348 -0.015517241379310343 0.01595177035340742
  vertex 0.015517241379310348 -0.013448275862068964 0.016765856249852714
 endloop
endfacet
facet normal 0.12043049048230982 -0.354847465348183 0.9271352508119626
 outer loop
  vertex 0.012068965517241383 -0.015517241379310343 0.016421904689366426
  vertex 0.015517241379310348 -0.013448275862068964 0.016765856249852714
  vertex 0.012068965517241383 -0.013448275862068964 0.017213770999101635
 endloop
endfacet
facet normal 0.16108439011735856 -0.37304125192188303 0.9137242711152379
 outer loop
  vertex 0.015517241379310348 -0.015517241379310343 0.01595177035340742
  vertex 0.01896551724137932 -0.015517241379310343 0.015343858938818613
  vertex 0.01896551724137932 -0.013448275862068964 0.016188544268007588
 endloop
endfacet
facet normal 0.15393711798473697 -0.36178600315403564 0.9194641111149371
 outer loop
  vertex 0.015517241379310348 -0.015517241379310343 0.01595177035340742
  vertex 0.01896551724137932 -0.013448275862068964 0.016188544268007588
  vertex 0.015517241379310348 -0.013448275862068964 0.016765856249852714
 endloop
endfacet
facet normal 0.19928671164498066 -0.38590936697024736 0.9007545542745555
 outer loop
  vertex 0.01896551724137932 -0.015517241379310343 0.015343858938818613
  vertex 0.02241379310344828 -0.015517241379310343 0.014580947939217914
  vertex 0.02241379310344828 -0.013448275862068964 0.015467352753107452
 endloop
endfacet
facet normal 0.1900991759395293 -0.37108493765642026 0.9089324905358166
 outer loop
  vertex 0.01896551724137932 -0.015517241379310343 0.015343858938818613
  vertex 0.02241379310344828 -0.013448275862068964 0.015467352753107452
  vertex 0.01896551724137932 -0.013448275862068964 0.016188544268007588
 endloop
endfacet
facet normal 0.24165720546691424 -0.40276200911152393 0.8828275930567474
 outer loop
  vertex 0.02241379310344828 -0.015517241379310343 0.014580947939217914
  vertex 0.02586206896551725 -0.015517241379310343 0.013637048229851853
  vertex 0.02586206896551725 -0.013448275862068964 0.014580947939217912
 endloop
endfacet
facet normal 0.22995316877801786 -0.3832552812966965 0.8945596288270213
 outer loop
  vertex 0.02241379310344828 -0.015517241379310343 0.014580947939217914
  vertex 0.02586206896551725 -0.013448275862068964 0.014580947939217912
  vertex 0.02241379310344828 -0.013448275862068964 0.015467352753107452
 endloop
endfacet
facet normal 0.28992240971476496 -0.42508671036696655 0.8574650342810338
 outer loop
  vertex 0.02586206896551725 -0.015517241379310343 0.013637048229851853
  vertex 0.02931034482758621 -0.015517241379310343 0.012471131944844914
  vertex 0.02931034482758621 -0.013448275862068964 0.013496817786745465
 endloop
endfacet
facet normal 0.2750076578968222 -0.3990597865798339 0.8747125669801261
 outer loop
  vertex 0.02586206896551725 -0.015517241379310343 0.013637048229851853
  vertex 0.02931034482758621 -0.013448275862068964 0.013496817786745465
  vertex 0.02586206896551725 -0.013448275862068964 0.014580947939217912
 endloop
endfacet
facet normal 0.3467428873988604 -0.45547323097364284 0.8199472580018373
 outer loop
  vertex 0.02931034482758621 -0.015517241379310343 0.012471131944844914
  vertex 0.03275862068965518 -0.015517241379310343 0.011012909946669867
  vertex 0.03275862068965518 -0.013448275862068964 0.012162201440378202
 endloop
endfacet
facet normal 0.3276267612716328 -0.4196488518700906 0.8464960404058457
 outer loop
  vertex 0.02931034482758621 -0.015517241379310343 0.012471131944844914
  vertex 0.03275862068965518 -0.013448275862068964 0.012162201440378202
  vertex 0.02931034482758621 -0.013448275862068964 0.013496817786745465
 endloop
endfacet
facet normal 0.4164535087700636 -0.4990233444946779 0.7599619573915846
 outer loop
  vertex 0.03275862068965518 -0.015517241379310343 0.011012909946669867
  vertex 0.03620689655172414 -0.015517241379310343 0.009123280382981347
  vertex 0.03620689655172414 -0.013448275862068964 0.010481851140393562
 endloop
endfacet
facet normal 0.39191190034535606 -0.4467530900690794 0.8042491771095702
 outer loop
  vertex 0.03275862068965518 -0.015517241379310343 0.011012909946669867
  vertex 0.03620689655172414 -0.013448275862068964 0.010481851140393562
  vertex 0.03275862068965518 -0.013448275862068964 0.012162201440378202
 endloop
endfacet
facet normal 0.5060018670361872 -0.5687012883421106 0.6484912915328287
 outer loop
  vertex 0.03620689655172414 -0.015517241379310343 0.009123280382981347
  vertex 0.03965517241379311 -0.015517241379310343 0.006432675209026765
  vertex 0.03965517241379311 -0.013448275862068964 0.008247076374552685
 endloop
endfacet
facet normal 0.4763277538618776 -0.48261758278885447 0.734977645703556
 outer loop
  vertex 0.03620689655172414 -0.015517241379310343 0.009123280382981347
  vertex 0.03965517241379311 -0.013448275862068964 0.008247076374552685
  vertex 0.03620689655172414 -0.013448275862068964 0.010481851140393562
 endloop
endfacet
facet normal -0.6551101147058349 -0.3984318058306809 0.6419367832681117
 outer loop
  vertex -0.04310344827586207 -0.013448275862068964 0.004728037655448994
  vertex -0.039655172413793106 -0.013448275862068964 0.008247076374552688
  vertex -0.039655172413793106 -0.011379310344827583 0.009531224111093277
 endloop
endfacet
facet normal -0.5059860329372725 -0.5985365946814907 0.6210733284399569
 outer loop
  vertex -0.04310344827586207 -0.013448275862068964 0.004728037655448994
  vertex -0.039655172413793106 -0.011379310344827583 0.009531224111093277
  vertex -0.04310344827586207 -0.011379310344827583 0.006721927134351008
 endloop
endfacet
facet normal -0.5012700481984816 -0.38792018706062176 0.773463811208995
 outer loop
  vertex -0.039655172413793106 -0.013448275862068964 0.008247076374552688
  vertex -0.03620689655172414 -0.013448275862068964 0.010481851140393562
  vertex -0.03620689655172414 -0.011379310344827583 0.011519512474820734
 endloop
endfacet
facet normal -0.43994978755526876 -0.4735735974278529 0.7630021181158777
 outer loop
  vertex -0.039655172413793106 -0.013448275862068964 0.008247076374552688
  vertex -0.03620689655172414 -0.011379310344827583 0.011519512474820734
  vertex -0.039655172413793106 -0.011379310344827583 0.009531224111093277
 endloop
endfacet
facet normal -0.4076797971947658 -0.36590480733220165 0.8366067504690714
 outer loop
  vertex -0.03620689655172414 -0.013448275862068964 0.010481851140393562
  vertex -0.03275862068965517 -0.013448275862068964 0.012162201440378209
  vertex -0.03275862068965517 -0.011379310344827583 0.01306710022172167
 endloop
endfacet
facet normal -0.372328580518831 -0.4160786924470229 0.8296083110844588
 outer loop
  vertex -0.03620689655172414 -0.013448275862068964 0.010481851140393562
  vertex -0.03275862068965517 -0.011379310344827583 0.01306710022172167
  vertex -0.03620689655172414 -0.011379310344827583 0.011519512474820734
 endloop
endfacet
facet normal -0.33852134896943387 -0.3469871740848533 0.8746446120067981
 outer loop
  vertex -0.03275862068965517 -0.013448275862068964 0.012162201440378209
  vertex -0.029310344827586206 -0.013448275862068964 0.013496817786745469
  vertex -0.029310344827586206 -0.011379310344827583 0.014317613442777034
 endloop
endfacet
facet normal -0.31531048860564886 -0.38027597000435953 0.8694650553141917
 outer loop
  vertex -0.03275862068965517 -0.013448275862068964 0.012162201440378209
  vertex -0.029310344827586206 -0.011379310344827583 0.014317613442777034
  vertex -0.03275862068965517 -0.011379310344827583 0.01306710022172167
 endloop
endfacet
facet normal -0.2829296154901361 -0.331833029576689 0.8999098139039046
 outer loop
  vertex -0.029310344827586206 -0.013448275862068964 0.013496817786745469
  vertex -0.02586206896551724 -0.013448275862068964 0.014580947939217914
  vertex -0.02586206896551724 -0.011379310344827583 0.015343858938818615
 endloop
endfacet
facet normal -0.26662302105980057 -0.3554104391980519 0.8958769917516539
 outer loop
  vertex -0.029310344827586206 -0.013448275862068964 0.013496817786745469
  vertex -0.02586206896551724 -0.011379310344827583 0.015343858938818615
  vertex -0.029310344827586206 -0.011379310344827583 0.014317613442777034
 endloop
endfacet
facet normal -0.23588373549512176 -0.3198639152156618 0.9176306114509125
 outer loop
  vertex -0.02586206896551724 -0.013448275862068964 0.014580947939217914
  vertex -0.022413793103448276 -0.013448275862068964 0.015467352753107452
  vertex -0.022413793103448276 -0.011379310344827583 0.01618854426800759
 endloop
endfacet
facet normal -0.2239917600036427 -0.33717837799388 0.9144060546955529
 outer loop
  vertex -0.02586206896551724 -0.013448275862068964 0.014580947939217914
  vertex -0.022413793103448276 -0.011379310344827583 0.01618854426800759
  vertex -0.02586206896551724 -0.011379310344827583 0.015343858938818615
 endloop
endfacet
facet normal -0.19459864244711494 -0.31048591426222055 0.9304460572233584
 outer loop
  vertex -0.022413793103448276 -0.013448275862068964 0.015467352753107452
  vertex -0.01896551724137931 -0.013448275862068964 0.01618854426800759
  vertex -0.01896551724137931 -0.011379310344827583 0.016878949311062645
 endloop
endfacet
facet normal -0.18576979904881333 -0.3234227118954784 0.9278401431235546
 outer loop
  vertex -0.022413793103448276 -0.013448275862068964 0.015467352753107452
  vertex -0.01896551724137931 -0.011379310344827583 0.016878949311062645
  vertex -0.022413793103448276 -0.011379310344827583 0.01618854426800759
 endloop
endfacet
facet normal -0.15734740819974977 -0.3032397811358291 0.9398337237349572
 outer loop
  vertex -0.01896551724137931 -0.013448275862068964 0.01618854426800759
  vertex -0.015517241379310341 -0.013448275862068964 0.016765856249852714
  vertex -0.015517241379310341 -0.011379310344827583 0.017433413323813155
 endloop
endfacet
facet normal -0.15078267872536824 -0.3129181798500428 0.9377349287062622
 outer loop
  vertex -0.01896551724137931 -0.013448275862068964 0.01618854426800759
  vertex -0.015517241379310341 -0.011379310344827583 0.017433413323813155
  vertex -0.01896551724137931 -0.011379310344827583 0.016878949311062645
 endloop
endfacet
facet normal -0.12296891288315069 -0.29779304835199794 0.9466773192685882
 outer loop
  vertex -0.015517241379310341 -0.013448275862068964 0.016765856249852714
  vertex -0.012068965517241376 -0.013448275862068964 0.017213770999101635
  vertex -0.012068965517241376 -0.011379310344827583 0.017864598409639474
 endloop
endfacet
facet normal -0.11816885125612067 -0.3049133468466683 0.9450206206784972
 outer loop
  vertex -0.015517241379310341 -0.013448275862068964 0.016765856249852714
  vertex -0.012068965517241376 -0.011379310344827583 0.017864598409639474
  vertex -0.015517241379310341 -0.011379310344827583 0.017433413323813155
 endloop
endfacet
facet normal -0.09062841861504556 -0.29391303241284145 0.9515259424299602
 outer loop
  vertex -0.012068965517241376 -0.013448275862068964 0.017213770999101635
  vertex -0.00862068965517241 -0.013448275862068964 0.017542203230312973
  vertex -0.00862068965517241 -0.011379310344827583 0.018181277691674574
 endloop
endfacet
facet normal -0.0872706282430944 -0.29892554927316073 0.9502775139072769
 outer loop
  vertex -0.012068965517241376 -0.013448275862068964 0.017213770999101635
  vertex -0.00862068965517241 -0.011379310344827583 0.018181277691674574
  vertex -0.012068965517241376 -0.011379310344827583 0.017864598409639474
 endloop
endfacet
facet normal -0.05968774698315146 -0.29144436052623257 0.954723812197816
 outer loop
  vertex -0.00862068965517241 -0.013448275862068964 0.017542203230312973
  vertex -0.005172413793103445 -0.013448275862068964 0.017757783709770665
  vertex -0.005172413793103445 -0.011379310344827583 0.01838936775996329
 endloop
endfacet
facet normal -0.057562571755834985 -0.29463819715163514 0.9538736200944485
 outer loop
  vertex -0.00862068965517241 -0.013448275862068964 0.017542203230312973
  vertex -0.005172413793103445 -0.011379310344827583 0.01838936775996329
  vertex -0.00862068965517241 -0.011379310344827583 0.018181277691674574
 endloop
endfacet
facet normal -0.029628139008603366 -0.2902937603072817 0.9564788058841374
 outer loop
  vertex -0.005172413793103445 -0.013448275862068964 0.017757783709770665
  vertex -0.0017241379310344793 -0.013448275862068964 0.017864598409639474
  vertex -0.0017241379310344793 -0.011379310344827583 0.018492534727988858
 endloop
endfacet
facet normal -0.028603138321802713 -0.29184544716268357 0.9560377060809667
 outer loop
  vertex -0.005172413793103445 -0.013448275862068964 0.017757783709770665
  vertex -0.0017241379310344793 -0.011379310344827583 0.018492534727988858
  vertex -0.005172413793103445 -0.011379310344827583 0.01838936775996329
 endloop
endfacet
facet normal 0.0 -0.2904212580494794 0.9568988937567843
 outer loop
  vertex -0.0017241379310344793 -0.013448275862068964 0.017864598409639474
  vertex 0.0017241379310344862 -0.013448275862068964 0.017864598409639474
  vertex 0.0017241379310344862 -0.011379310344827583 0.018492534727988858
 endloop
endfacet
facet normal 0.0 -0.2904212580494794 0.9568988937567843
 outer loop
  vertex -0.0017241379310344793 -0.013448275862068964 0.017864598409639474
  vertex 0.0017241379310344862 -0.011379310344827583 0.018492534727988858
  vertex -0.0017241379310344793 -0.011379310344827583 0.018492534727988858
 endloop
endfacet
facet normal 0.029613603608534527 -0.2918368559578566 0.9560095627063309
 outer loop
  vertex 0.0017241379310344862 -0.013448275862068964 0.017864598409639474
  vertex 0.005172413793103452 -0.013448275862068964 0.017757783709770665
  vertex 0.005172413793103452 -0.011379310344827583 0.01838936775996329
 endloop
endfacet
facet normal 0.028617178577122666 -0.2903023144774378 0.9565069907216193
 outer loop
  vertex 0.0017241379310344862 -0.013448275862068964 0.017864598409639474
  vertex 0.005172413793103452 -0.011379310344827583 0.01838936775996329
  vertex 0.0017241379310344862 -0.011379310344827583 0.018492534727988858
 endloop
endfacet
facet normal 0.05962735501469508 -0.294602429405887 0.9537578241472522
 outer loop
  vertex 0.005172413793103452 -0.013448275862068964 0.017757783709770665
  vertex 0.008620689655172417 -0.013448275862068964 0.017542203230312973
  vertex 0.008620689655172417 -0.011379310344827583 0.018181277691674574
 endloop
endfacet
facet normal 0.05762088664288977 -0.29147981657565625 0.9548399603868226
 outer loop
  vertex 0.005172413793103452 -0.013448275862068964 0.017757783709770665
  vertex 0.008620689655172417 -0.011379310344827583 0.018181277691674574
  vertex 0.005172413793103452 -0.011379310344827583 0.01838936775996329
 endloop
endfacet
facet normal 0.09048346475320333 -0.2988395243904742 0.9500040427642037
 outer loop
  vertex 0.008620689655172417 -0.013448275862068964 0.017542203230312973
  vertex 0.012068965517241383 -0.013448275862068964 0.017213770999101635
  vertex 0.012068965517241383 -0.011379310344827583 0.017864598409639474
 endloop
endfacet
facet normal 0.08741051585964404 -0.29399791055350255 0.9518007303565834
 outer loop
  vertex 0.008620689655172417 -0.013448275862068964 0.017542203230312973
  vertex 0.012068965517241383 -0.011379310344827583 0.017864598409639474
  vertex 0.008620689655172417 -0.011379310344827583 0.018181277691674574
 endloop
endfacet
facet normal 0.12268597496485668 -0.30474508300540176 0.9444991190736778
 outer loop
  vertex 0.012068965517241383 -0.013448275862068964 0.017213770999101635
  vertex 0.015517241379310348 -0.013448275862068964 0.016765856249852714
  vertex 0.015517241379310348 -0.011379310344827583 0.017433413323813155
 endloop
endfacet
facet normal 0.11844167387003007 -0.2979582335540579 0.9472024392642847
 outer loop
  vertex 0.012068965517241383 -0.013448275862068964 0.017213770999101635
  vertex 0.015517241379310348 -0.011379310344827583 0.017433413323813155
  vertex 0.012068965517241383 -0.011379310344827583 0.017864598409639474
 endloop
endfacet
facet normal 0.15684612730095376 -0.3126194059063776 0.9368395803986062
 outer loop
  vertex 0.015517241379310348 -0.013448275862068964 0.016765856249852714
  vertex 0.01896551724137932 -0.013448275862068964 0.016188544268007588
  vertex 0.01896551724137932 -0.011379310344827583 0.016878949311062645
 endloop
endfacet
facet normal 0.15126550680640258 -0.3035314489690853 0.9407376924187368
 outer loop
  vertex 0.015517241379310348 -0.013448275862068964 0.016765856249852714
  vertex 0.01896551724137932 -0.011379310344827583 0.016878949311062645
  vertex 0.015517241379310348 -0.011379310344827583 0.017433413323813155
 endloop
endfacet
facet normal 0.19374906127507555 -0.3229151021251266 0.9263839042613737
 outer loop
  vertex 0.01896551724137932 -0.013448275862068964 0.016188544268007588
  vertex 0.02241379310344828 -0.013448275862068964 0.015467352753107452
  vertex 0.02241379310344828 -0.011379310344827583 0.01618854426800759
 endloop
endfacet
facet normal 0.18658697146792308 -0.3109782857798725 0.9319215674357154
 outer loop
  vertex 0.01896551724137932 -0.013448275862068964 0.016188544268007588
  vertex 0.02241379310344828 -0.011379310344827583 0.01618854426800759
  vertex 0.01896551724137932 -0.011379310344827583 0.016878949311062645
 endloop
endfacet
facet normal 0.2344602437517774 -0.33632545033685407 0.9120929697983475
 outer loop
  vertex 0.02241379310344828 -0.013448275862068964 0.015467352753107452
  vertex 0.02586206896551725 -0.013448275862068964 0.014580947939217912
  vertex 0.02586206896551725 -0.011379310344827583 0.015343858938818613
 endloop
endfacet
facet normal 0.22535866357839293 -0.3206850140237468 0.919986192576144
 outer loop
  vertex 0.02241379310344828 -0.013448275862068964 0.015467352753107452
  vertex 0.02586206896551725 -0.011379310344827583 0.015343858938818613
  vertex 0.02241379310344828 -0.011379310344827583 0.01618854426800759
 endloop
endfacet
facet normal 0.28050761931209356 -0.35395417375248095 0.8922062084468254
 outer loop
  vertex 0.02586206896551725 -0.013448275862068964 0.014580947939217912
  vertex 0.02931034482758621 -0.013448275862068964 0.013496817786745465
  vertex 0.02931034482758621 -0.011379310344827583 0.01431761344277703
 endloop
endfacet
facet normal 0.2689443636294323 -0.3332221092726242 0.9036769086149445
 outer loop
  vertex 0.02586206896551725 -0.013448275862068964 0.014580947939217912
  vertex 0.02931034482758621 -0.011379310344827583 0.01431761344277703
  vertex 0.02586206896551725 -0.011379310344827583 0.015343858938818613
 endloop
endfacet
facet normal 0.33421470291487937 -0.3776746755699212 0.8635174415080877
 outer loop
  vertex 0.02931034482758621 -0.013448275862068964 0.013496817786745465
  vertex 0.03275862068965518 -0.013448275862068964 0.012162201440378202
  vertex 0.03275862068965518 -0.011379310344827583 0.013067100221721663
 endloop
endfacet
facet normal 0.319430805636724 -0.34943975168852986 0.8808267822620585
 outer loop
  vertex 0.02931034482758621 -0.013448275862068964 0.013496817786745465
  vertex 0.03275862068965518 -0.011379310344827583 0.013067100221721663
  vertex 0.02931034482758621 -0.011379310344827583 0.01431761344277703
 endloop
endfacet
facet normal 0.3993468442554073 -0.41101229439394554 0.8195065538726778
 outer loop
  vertex 0.03275862068965518 -0.013448275862068964 0.012162201440378202
  vertex 0.03620689655172414 -0.013448275862068964 0.010481851140393562
  vertex 0.03620689655172414 -0.011379310344827583 0.011519512474820734
 endloop
endfacet
facet normal 0.380296704177417 -0.370609060076674 0.847362579643967
 outer loop
  vertex 0.03275862068965518 -0.013448275862068964 0.012162201440378202
  vertex 0.03620689655172414 -0.011379310344827583 0.011519512474820734
  vertex 0.03275862068965518 -0.011379310344827583 0.013067100221721663
 endloop
endfacet
facet normal 0.48235131951378857 -0.4619483841196962 0.7442720570950578
 outer loop
  vertex 0.03620689655172414 -0.013448275862068964 0.010481851140393562
  vertex 0.03965517241379311 -0.013448275862068964 0.008247076374552685
  vertex 0.03965517241379311 -0.011379310344827583 0.009531224111093275
 endloop
endfacet
facet normal 0.45814014892059624 -0.39849544877919063 0.7945495461261591
 outer loop
  vertex 0.03620689655172414 -0.013448275862068964 0.010481851140393562
  vertex 0.03965517241379311 -0.011379310344827583 0.009531224111093275
  vertex 0.03620689655172414 -0.011379310344827583 0.011519512474820734
 endloop
endfacet
facet normal 0.5921458623820167 -0.5591836763874257 0.5802386523885672
 outer loop
  vertex 0.03965517241379311 -0.013448275862068964 0.008247076374552685
  vertex 0.04310344827586207 -0.013448275862068964 0.004728037655448994
  vertex 0.04310344827586207 -0.011379310344827583 0.006721927134351008
 endloop
endfacet
facet normal 0.5691524587517027 -0.4336054225804036 0.6986070542198676
 outer loop
  vertex 0.03965517241379311 -0.013448275862068964 0.008247076374552685
  vertex 0.04310344827586207 -0.011379310344827583 0.006721927134351008
  vertex 0.03965517241379311 -0.011379310344827583 0.009531224111093275
 endloop
endfacet
facet normal -0.594994962461914 -0.33556336828304245 0.7303274748436381
 outer loop
  vertex -0.04310344827586207 -0.011379310344827583 0.006721927134351008
  vertex -0.039655172413793106 -0.011379310344827583 0.009531224111093277
  vertex -0.039655172413793106 -0.009310344827586206 0.010481851140393558
 endloop
endfacet
facet normal -0.5191264477454561 -0.45249428390844254 0.7250907903713645
 outer loop
  vertex -0.04310344827586207 -0.011379310344827583 0.006721927134351008
  vertex -0.039655172413793106 -0.009310344827586206 0.010481851140393558
  vertex -0.04310344827586207 -0.009310344827586206 0.008013068992153274
 endloop
endfacet
facet normal -0.47376011447677274 -0.3169549749282738 0.8216391530344525
 outer loop
  vertex -0.039655172413793106 -0.011379310344827583 0.009531224111093277
  vertex -0.03620689655172414 -0.011379310344827583 0.011519512474820734
  vertex -0.03620689655172414 -0.009310344827586206 0.012317635241028793
 endloop
endfacet
facet normal -0.4354778840145709 -0.37584035350661743 0.8179871889034771
 outer loop
  vertex -0.039655172413793106 -0.011379310344827583 0.009531224111093277
  vertex -0.03620689655172414 -0.009310344827586206 0.012317635241028793
  vertex -0.039655172413793106 -0.009310344827586206 0.010481851140393558
 endloop
endfacet
facet normal -0.3908125880013851 -0.2983017018342729 0.8707936700174366
 outer loop
  vertex -0.03620689655172414 -0.011379310344827583 0.011519512474820734
  vertex -0.03275862068965517 -0.011379310344827583 0.01306710022172167
  vertex -0.03275862068965517 -0.009310344827586206 0.013775851279612538
 endloop
endfacet
facet normal -0.36701152622864414 -0.33479293281803324 0.8678803095763962
 outer loop
  vertex -0.03620689655172414 -0.011379310344827583 0.011519512474820734
  vertex -0.03275862068965517 -0.009310344827586206 0.013775851279612538
  vertex -0.03620689655172414 -0.009310344827586206 0.012317635241028793
 endloop
endfacet
facet normal -0.3269749390260867 -0.2831101819691528 0.901629643542336
 outer loop
  vertex -0.03275862068965517 -0.011379310344827583 0.01306710022172167
  vertex -0.029310344827586206 -0.011379310344827583 0.014317613442777034
  vertex -0.029310344827586206 -0.009310344827586206 0.014967265113248763
 endloop
endfacet
facet normal -0.3106875054083872 -0.3080375207938356 0.8992141901495442
 outer loop
  vertex -0.03275862068965517 -0.011379310344827583 0.01306710022172167
  vertex -0.029310344827586206 -0.009310344827586206 0.014967265113248763
  vertex -0.03275862068965517 -0.009310344827586206 0.013775851279612538
 endloop
endfacet
facet normal -0.2745667282002719 -0.27107264422119 0.9225685520980705
 outer loop
  vertex -0.029310344827586206 -0.011379310344827583 0.014317613442777034
  vertex -0.02586206896551724 -0.011379310344827583 0.015343858938818615
  vertex -0.02586206896551724 -0.009310344827586206 0.01595177035340742
 endloop
endfacet
facet normal -0.26281792693005795 -0.2890455332205142 0.9205321379557889
 outer loop
  vertex -0.029310344827586206 -0.011379310344827583 0.014317613442777034
  vertex -0.02586206896551724 -0.009310344827586206 0.01595177035340742
  vertex -0.029310344827586206 -0.009310344827586206 0.014967265113248763
 endloop
endfacet
facet normal -0.22964003911190897 -0.2615844849939141 0.937464137792561
 outer loop
  vertex -0.02586206896551724 -0.011379310344827583 0.015343858938818615
  vertex -0.022413793103448276 -0.011379310344827583 0.01618854426800759
  vertex -0.022413793103448276 -0.009310344827586206 0.016765856249852714
 endloop
endfacet
facet normal -0.2209134431733625 -0.27494192019049535 0.9357372447152315
 outer loop
  vertex -0.02586206896551724 -0.011379310344827583 0.015343858938818615
  vertex -0.022413793103448276 -0.009310344827586206 0.016765856249852714
  vertex -0.02586206896551724 -0.009310344827586206 0.01595177035340742
 endloop
endfacet
facet normal -0.1898750414517224 -0.2541476158657791 0.9483440609733617
 outer loop
  vertex -0.022413793103448276 -0.011379310344827583 0.01618854426800759
  vertex -0.01896551724137931 -0.011379310344827583 0.016878949311062645
  vertex -0.01896551724137931 -0.009310344827586206 0.017433413323813155
 endloop
endfacet
facet normal -0.18330875300820149 -0.26421296299776326 0.946884053754482
 outer loop
  vertex -0.022413793103448276 -0.011379310344827583 0.01618854426800759
  vertex -0.01896551724137931 -0.009310344827586206 0.017433413323813155
  vertex -0.022413793103448276 -0.009310344827586206 0.016765856249852714
 endloop
endfacet
facet normal -0.15377975650090006 -0.2483955777811437 0.9563741022368265
 outer loop
  vertex -0.01896551724137931 -0.011379310344827583 0.016878949311062645
  vertex -0.015517241379310341 -0.011379310344827583 0.017433413323813155
  vertex -0.015517241379310341 -0.009310344827586206 0.01797077823557984
 endloop
endfacet
facet normal -0.14884746131624657 -0.2559730482395358 0.9551556060845106
 outer loop
  vertex -0.01896551724137931 -0.011379310344827583 0.016878949311062645
  vertex -0.015517241379310341 -0.009310344827586206 0.01797077823557984
  vertex -0.01896551724137931 -0.009310344827586206 0.017433413323813155
 endloop
endfacet
facet normal -0.12032509152291508 -0.2440673474946669 0.9622645178104198
 outer loop
  vertex -0.015517241379310341 -0.011379310344827583 0.017433413323813155
  vertex -0.012068965517241376 -0.011379310344827583 0.017864598409639474
  vertex -0.012068965517241376 -0.009310344827586206 0.01838936775996329
 endloop
endfacet
facet normal -0.11669006501120754 -0.24966840160479453 0.9612747359458622
 outer loop
  vertex -0.015517241379310341 -0.011379310344827583 0.017433413323813155
  vertex -0.012068965517241376 -0.009310344827586206 0.01838936775996329
  vertex -0.015517241379310341 -0.009310344827586206 0.01797077823557984
 endloop
endfacet
facet normal -0.08875702982543424 -0.24098128693577386 0.966462730271243
 outer loop
  vertex -0.012068965517241376 -0.011379310344827583 0.017864598409639474
  vertex -0.00862068965517241 -0.011379310344827583 0.018181277691674574
  vertex -0.00862068965517241 -0.009310344827586206 0.01869716098169098
 endloop
endfacet
facet normal -0.08619834476946404 -0.24493851819171267 0.9656992117968476
 outer loop
  vertex -0.012068965517241376 -0.011379310344827583 0.017864598409639474
  vertex -0.00862068965517241 -0.009310344827586206 0.01869716098169098
  vertex -0.012068965517241376 -0.009310344827586206 0.01838936775996329
 endloop
endfacet
facet normal -0.05849061627761005 -0.23901631548787913 0.9692523142804788
 outer loop
  vertex -0.00862068965517241 -0.011379310344827583 0.018181277691674574
  vertex -0.005172413793103445 -0.011379310344827583 0.01838936775996329
  vertex -0.005172413793103445 -0.009310344827586206 0.018899571870406515
 endloop
endfacet
facet normal -0.05686317863650055 -0.24154467728113063 0.9687222242689119
 outer loop
  vertex -0.00862068965517241 -0.011379310344827583 0.018181277691674574
  vertex -0.005172413793103445 -0.009310344827586206 0.018899571870406515
  vertex -0.00862068965517241 -0.009310344827586206 0.01869716098169098
 endloop
endfacet
facet normal -0.02904499192086486 -0.2380997225200427 0.9708063198085372
 outer loop
  vertex -0.005172413793103445 -0.011379310344827583 0.01838936775996329
  vertex -0.0017241379310344793 -0.011379310344827583 0.018492534727988858
  vertex -0.0017241379310344793 -0.009310344827586206 0.018999968708904705
 endloop
endfacet
facet normal -0.028256970433546094 -0.23933061836616457 0.9705268665701052
 outer loop
  vertex -0.005172413793103445 -0.011379310344827583 0.01838936775996329
  vertex -0.0017241379310344793 -0.009310344827586206 0.018999968708904705
  vertex -0.005172413793103445 -0.009310344827586206 0.018899571870406515
 endloop
endfacet
facet normal 0.0 -0.23820021794750398 0.9712160707946309
 outer loop
  vertex -0.0017241379310344793 -0.011379310344827583 0.018492534727988858
  vertex 0.0017241379310344862 -0.011379310344827583 0.018492534727988858
  vertex 0.0017241379310344862 -0.009310344827586206 0.018999968708904705
 endloop
endfacet
facet normal 0.0 -0.23820021794750398 0.9712160707946309
 outer loop
  vertex -0.0017241379310344793 -0.011379310344827583 0.018492534727988858
  vertex 0.0017241379310344862 -0.009310344827586206 0.018999968708904705
  vertex -0.0017241379310344793 -0.009310344827586206 0.018999968708904705
 endloop
endfacet
facet normal 0.02903598261613439 -0.23932527314747978 0.970505190787973
 outer loop
  vertex 0.0017241379310344862 -0.011379310344827583 0.018492534727988858
  vertex 0.005172413793103452 -0.011379310344827583 0.01838936775996329
  vertex 0.005172413793103452 -0.009310344827586206 0.018899571870406515
 endloop
endfacet
facet normal 0.028265738417665658 -0.238105043667297 0.9708280157741117
 outer loop
  vertex 0.0017241379310344862 -0.011379310344827583 0.018492534727988858
  vertex 0.005172413793103452 -0.009310344827586206 0.018899571870406515
  vertex 0.0017241379310344862 -0.009310344827586206 0.018999968708904705
 endloop
endfacet
facet normal 0.05845325024186617 -0.24152245944039424 0.9686331189475327
 outer loop
  vertex 0.005172413793103452 -0.011379310344827583 0.01838936775996329
  vertex 0.008620689655172417 -0.011379310344827583 0.018181277691674574
  vertex 0.008620689655172417 -0.009310344827586206 0.01869716098169098
 endloop
endfacet
facet normal 0.056899534918910206 -0.2390383309099424 0.9693415906076663
 outer loop
  vertex 0.005172413793103452 -0.011379310344827583 0.01838936775996329
  vertex 0.008620689655172417 -0.009310344827586206 0.01869716098169098
  vertex 0.005172413793103452 -0.009310344827586206 0.018899571870406515
 endloop
endfacet
facet normal 0.08866761801366083 -0.24488523531215106 0.9654891377130537
 outer loop
  vertex 0.008620689655172417 -0.011379310344827583 0.018181277691674574
  vertex 0.012068965517241383 -0.011379310344827583 0.017864598409639474
  vertex 0.012068965517241383 -0.009310344827586206 0.01838936775996329
 endloop
endfacet
facet normal 0.08628530447001231 -0.2410338262172589 0.9666734406466257
 outer loop
  vertex 0.008620689655172417 -0.011379310344827583 0.018181277691674574
  vertex 0.012068965517241383 -0.009310344827586206 0.01838936775996329
  vertex 0.008620689655172417 -0.009310344827586206 0.01869716098169098
 endloop
endfacet
facet normal 0.12015136575233325 -0.24956463082211874 0.960875197073204
 outer loop
  vertex 0.012068965517241383 -0.011379310344827583 0.017864598409639474
  vertex 0.015517241379310348 -0.011379310344827583 0.017433413323813155
  vertex 0.015517241379310348 -0.009310344827586206 0.01797077823557984
 endloop
endfacet
facet normal 0.11685892676328954 -0.2441691263353815 0.9626657929833949
 outer loop
  vertex 0.012068965517241383 -0.011379310344827583 0.017864598409639474
  vertex 0.015517241379310348 -0.009310344827586206 0.01797077823557984
  vertex 0.012068965517241383 -0.009310344827586206 0.01838936775996329
 endloop
endfacet
facet normal 0.15347394825915714 -0.25578991376526267 0.9544722453909831
 outer loop
  vertex 0.015517241379310348 -0.011379310344827583 0.017433413323813155
  vertex 0.01896551724137932 -0.011379310344827583 0.016878949311062645
  vertex 0.01896551724137932 -0.009310344827586206 0.017433413323813155
 endloop
endfacet
facet normal 0.1491444770541912 -0.24857412842365276 0.9570615589619371
 outer loop
  vertex 0.015517241379310348 -0.011379310344827583 0.017433413323813155
  vertex 0.01896551724137932 -0.009310344827586206 0.017433413323813155
  vertex 0.015517241379310348 -0.009310344827586206 0.01797077823557984
 endloop
endfacet
facet normal 0.1893613455572335 -0.2639044398361677 0.9457783712072889
 outer loop
  vertex 0.01896551724137932 -0.011379310344827583 0.016878949311062645
  vertex 0.02241379310344828 -0.011379310344827583 0.01618854426800759
  vertex 0.02241379310344828 -0.009310344827586206 0.016765856249852714
 endloop
endfacet
facet normal 0.18380719767625586 -0.2544463496615879 0.9494587770020848
 outer loop
  vertex 0.01896551724137932 -0.011379310344827583 0.016878949311062645
  vertex 0.02241379310344828 -0.009310344827586206 0.016765856249852714
  vertex 0.01896551724137932 -0.009310344827586206 0.017433413323813155
 endloop
endfacet
facet normal 0.228789847166565 -0.2744295317802425 0.9339933821609105
 outer loop
  vertex 0.02241379310344828 -0.011379310344827583 0.01618854426800759
  vertex 0.02586206896551725 -0.011379310344827583 0.015343858938818613
  vertex 0.02586206896551725 -0.009310344827586206 0.015951770353407415
 endloop
endfacet
facet normal 0.22173745164314004 -0.26207653724738167 0.9392275502577785
 outer loop
  vertex 0.02241379310344828 -0.011379310344827583 0.01618854426800759
  vertex 0.02586206896551725 -0.009310344827586206 0.015951770353407415
  vertex 0.02241379310344828 -0.009310344827586206 0.016765856249852714
 endloop
endfacet
facet normal 0.27314502089465165 -0.2881849742413819 0.9177914894909162
 outer loop
  vertex 0.02586206896551725 -0.011379310344827583 0.015343858938818613
  vertex 0.02931034482758621 -0.011379310344827583 0.01431761344277703
  vertex 0.02931034482758621 -0.009310344827586206 0.014967265113248763
 endloop
endfacet
facet normal 0.2641941285562598 -0.27189059009106936 0.9253523488144008
 outer loop
  vertex 0.02586206896551725 -0.011379310344827583 0.015343858938818613
  vertex 0.02931034482758621 -0.009310344827586206 0.014967265113248763
  vertex 0.02586206896551725 -0.009310344827586206 0.015951770353407415
 endloop
endfacet
facet normal 0.3245105218841715 -0.30653704389735903 0.8948340415435317
 outer loop
  vertex 0.02931034482758621 -0.011379310344827583 0.01431761344277703
  vertex 0.03275862068965518 -0.011379310344827583 0.013067100221721663
  vertex 0.03275862068965518 -0.009310344827586206 0.013775851279612535
 endloop
endfacet
facet normal 0.31307036916838993 -0.2845172720614149 0.9061108463358657
 outer loop
  vertex 0.02931034482758621 -0.011379310344827583 0.01431761344277703
  vertex 0.03275862068965518 -0.009310344827586206 0.013775851279612535
  vertex 0.02931034482758621 -0.009310344827586206 0.014967265113248763
 endloop
endfacet
facet normal 0.38623272215819304 -0.33198023744400856 0.8605889880081498
 outer loop
  vertex 0.03275862068965518 -0.011379310344827583 0.013067100221721663
  vertex 0.03620689655172414 -0.011379310344827583 0.011519512474820734
  vertex 0.03620689655172414 -0.009310344827586206 0.012317635241028793
 endloop
endfacet
facet normal 0.3714388724877583 -0.30089013659134456 0.8783497536329503
 outer loop
  vertex 0.03275862068965518 -0.011379310344827583 0.013067100221721663
  vertex 0.03620689655172414 -0.009310344827586206 0.012317635241028793
  vertex 0.03275862068965518 -0.009310344827586206 0.013775851279612535
 endloop
endfacet
facet normal 0.464100685702894 -0.3698211521985266 0.8048868671537992
 outer loop
  vertex 0.03620689655172414 -0.011379310344827583 0.011519512474820734
  vertex 0.03965517241379311 -0.011379310344827583 0.009531224111093275
  vertex 0.03965517241379311 -0.009310344827586206 0.010481851140393557
 endloop
endfacet
facet normal 0.44484869074565436 -0.32233625900335106 0.8355890009290463
 outer loop
  vertex 0.03620689655172414 -0.011379310344827583 0.011519512474820734
  vertex 0.03965517241379311 -0.009310344827586206 0.010481851140393557
  vertex 0.03620689655172414 -0.009310344827586206 0.012317635241028793
 endloop
endfacet
facet normal 0.5685689478104117 -0.43552009253687574 0.6978908228243388
 outer loop
  vertex 0.03965517241379311 -0.011379310344827583 0.009531224111093275
  vertex 0.04310344827586207 -0.011379310344827583 0.006721927134351008
  vertex 0.04310344827586207 -0.009310344827586206 0.008013068992153274
 endloop
endfacet
facet normal 0.5453193358558805 -0.3499669534323389 0.7616757534850302
 outer loop
  vertex 0.03965517241379311 -0.011379310344827583 0.009531224111093275
  vertex 0.04310344827586207 -0.009310344827586206 0.008013068992153274
  vertex 0.03965517241379311 -0.009310344827586206 0.010481851140393557
 endloop
endfacet
facet normal -0.7429411713108536 -0.266812576962943 0.6138806600192342
 outer loop
  vertex -0.04655172413793104 -0.009310344827586206 0.003839837491606912
  vertex -0.04310344827586207 -0.009310344827586206 0.008013068992153274
  vertex -0.04310344827586207 -0.007241379310344825 0.00891230895401385
 endloop
endfacet
facet normal -0.616248238726309 -0.48813767551599524 0.6180288973895663
 outer loop
  vertex -0.04655172413793104 -0.009310344827586206 0.003839837491606912
  vertex -0.04310344827586207 -0.007241379310344825 0.00891230895401385
  vertex -0.04655172413793104 -0.007241379310344825 0.00547396822978881
 endloop
endfacet
facet normal -0.5611412036616465 -0.26611527070678204 0.7837749755190034
 outer loop
  vertex -0.04310344827586207 -0.009310344827586206 0.008013068992153274
  vertex -0.039655172413793106 -0.009310344827586206 0.010481851140393558
  vertex -0.039655172413793106 -0.007241379310344825 0.011184327407053003
 endloop
endfacet
facet normal -0.5171849161082633 -0.3411601870383551 0.784939162820943
 outer loop
  vertex -0.04310344827586207 -0.009310344827586206 0.008013068992153274
  vertex -0.039655172413793106 -0.007241379310344825 0.011184327407053003
  vertex -0.04310344827586207 -0.007241379310344825 0.00891230895401385
 endloop
endfacet
facet normal -0.4551093676125053 -0.24917039376853567 0.8548623154523647
 outer loop
  vertex -0.039655172413793106 -0.009310344827586206 0.010481851140393558
  vertex -0.03620689655172414 -0.009310344827586206 0.012317635241028793
  vertex -0.03620689655172414 -0.007241379310344825 0.01292068551392772
 endloop
endfacet
facet normal -0.4303892379870153 -0.29020340899579994 0.8547204719861183
 outer loop
  vertex -0.039655172413793106 -0.009310344827586206 0.010481851140393558
  vertex -0.03620689655172414 -0.007241379310344825 0.01292068551392772
  vertex -0.039655172413793106 -0.007241379310344825 0.011184327407053003
 endloop
endfacet
facet normal -0.3786323223934184 -0.23445161827447863 0.8953602644340682
 outer loop
  vertex -0.03620689655172414 -0.009310344827586206 0.012317635241028793
  vertex -0.03275862068965517 -0.009310344827586206 0.013775851279612538
  vertex -0.03275862068965517 -0.007241379310344825 0.014317613442777034
 endloop
endfacet
facet normal -0.36247536557013443 -0.26079950584406897 0.894759871198014
 outer loop
  vertex -0.03620689655172414 -0.009310344827586206 0.012317635241028793
  vertex -0.03275862068965517 -0.007241379310344825 0.014317613442777034
  vertex -0.03620689655172414 -0.007241379310344825 0.01292068551392772
 endloop
endfacet
facet normal -0.31836460917249204 -0.22271887052837536 0.9214338176651706
 outer loop
  vertex -0.03275862068965517 -0.009310344827586206 0.013775851279612538
  vertex -0.029310344827586206 -0.009310344827586206 0.014967265113248763
  vertex -0.029310344827586206 -0.007241379310344825 0.015467352753107452
 endloop
endfacet
facet normal -0.306976101592932 -0.24108079014740014 0.9206767758951625
 outer loop
  vertex -0.03275862068965517 -0.009310344827586206 0.013775851279612538
  vertex -0.029310344827586206 -0.007241379310344825 0.015467352753107452
  vertex -0.03275862068965517 -0.007241379310344825 0.014317613442777034
 endloop
endfacet
facet normal -0.2682085874731794 -0.21346435587938267 0.9394131797961119
 outer loop
  vertex -0.029310344827586206 -0.009310344827586206 0.014967265113248763
  vertex -0.02586206896551724 -0.009310344827586206 0.01595177035340742
  vertex -0.02586206896551724 -0.007241379310344825 0.016421904689366426
 endloop
endfacet
facet normal -0.2598301637152169 -0.226874076378502 0.9386247596836156
 outer loop
  vertex -0.029310344827586206 -0.009310344827586206 0.014967265113248763
  vertex -0.02586206896551724 -0.007241379310344825 0.016421904689366426
  vertex -0.029310344827586206 -0.007241379310344825 0.015467352753107452
 endloop
endfacet
facet normal -0.2248320728539355 -0.2061731691443051 0.9523356358664713
 outer loop
  vertex -0.02586206896551724 -0.009310344827586206 0.01595177035340742
  vertex -0.022413793103448276 -0.009310344827586206 0.016765856249852714
  vertex -0.022413793103448276 -0.007241379310344825 0.017213770999101635
 endloop
endfacet
facet normal -0.21852076027338227 -0.21622781367126057 0.951574595039448
 outer loop
  vertex -0.02586206896551724 -0.009310344827586206 0.01595177035340742
  vertex -0.022413793103448276 -0.007241379310344825 0.017213770999101635
  vertex -0.02586206896551724 -0.007241379310344825 0.016421904689366426
 endloop
endfacet
facet normal -0.18620505717476457 -0.2004543798351771 0.961844955430675
 outer loop
  vertex -0.022413793103448276 -0.009310344827586206 0.016765856249852714
  vertex -0.01896551724137931 -0.009310344827586206 0.017433413323813155
  vertex -0.01896551724137931 -0.007241379310344825 0.017864598409639474
 endloop
endfacet
facet normal -0.18140596521179783 -0.20807976150685037 0.9611423872854782
 outer loop
  vertex -0.022413793103448276 -0.009310344827586206 0.016765856249852714
  vertex -0.01896551724137931 -0.007241379310344825 0.017864598409639474
  vertex -0.022413793103448276 -0.007241379310344825 0.017213770999101635
 endloop
endfacet
facet normal -0.15098999101180874 -0.19602702974068925 0.9689042399666217
 outer loop
  vertex -0.01896551724137931 -0.009310344827586206 0.017433413323813155
  vertex -0.015517241379310341 -0.009310344827586206 0.01797077823557984
  vertex -0.015517241379310341 -0.007241379310344825 0.01838936775996329
 endloop
endfacet
facet normal -0.1473557656253451 -0.20179534878501254 0.9682793582152331
 outer loop
  vertex -0.01896551724137931 -0.009310344827586206 0.017433413323813155
  vertex -0.015517241379310341 -0.007241379310344825 0.01838936775996329
  vertex -0.01896551724137931 -0.007241379310344825 0.017864598409639474
 endloop
endfacet
facet normal -0.11824794373643568 -0.19269261289693965 0.9741083003121649
 outer loop
  vertex -0.015517241379310341 -0.009310344827586206 0.01797077823557984
  vertex -0.012068965517241376 -0.009310344827586206 0.01838936775996329
  vertex -0.012068965517241376 -0.007241379310344825 0.018798638855777944
 endloop
endfacet
facet normal -0.11555235306709562 -0.1969721496190911 0.9735756909327037
 outer loop
  vertex -0.015517241379310341 -0.009310344827586206 0.01797077823557984
  vertex -0.012068965517241376 -0.007241379310344825 0.018798638855777944
  vertex -0.015517241379310341 -0.007241379310344825 0.01838936775996329
 endloop
endfacet
facet normal -0.08728165161203537 -0.19031337485378028 0.9778357390909987
 outer loop
  vertex -0.012068965517241376 -0.009310344827586206 0.01838936775996329
  vertex -0.00862068965517241 -0.009310344827586206 0.01869716098169098
  vertex -0.00862068965517241 -0.007241379310344825 0.019099837826381007
 endloop
endfacet
facet normal -0.08537444475441469 -0.19334557313419362 0.9774091740577666
 outer loop
  vertex -0.012068965517241376 -0.009310344827586206 0.01838936775996329
  vertex -0.00862068965517241 -0.007241379310344825 0.019099837826381007
  vertex -0.012068965517241376 -0.007241379310344825 0.018798638855777944
 endloop
endfacet
facet normal -0.05754446188539272 -0.18879754246019806 0.980328579032209
 outer loop
  vertex -0.00862068965517241 -0.009310344827586206 0.01869716098169098
  vertex -0.005172413793103445 -0.009310344827586206 0.018899571870406515
  vertex -0.005172413793103445 -0.007241379310344825 0.019298025627080308
 endloop
endfacet
facet normal -0.05632631946265421 -0.1907391584664782 0.980023427864503
 outer loop
  vertex -0.00862068965517241 -0.009310344827586206 0.01869716098169098
  vertex -0.005172413793103445 -0.007241379310344825 0.019298025627080308
  vertex -0.00862068965517241 -0.007241379310344825 0.019099837826381007
 endloop
endfacet
facet normal -0.028583319097302273 -0.18808997181913337 0.9817357874552906
 outer loop
  vertex -0.005172413793103445 -0.009310344827586206 0.018899571870406515
  vertex -0.0017241379310344793 -0.009310344827586206 0.018999968708904705
  vertex -0.0017241379310344793 -0.007241379310344825 0.019396360152310665
 endloop
endfacet
facet normal -0.02799147134357149 -0.1890368088852011 0.9815709665727292
 outer loop
  vertex -0.005172413793103445 -0.009310344827586206 0.018899571870406515
  vertex -0.0017241379310344793 -0.007241379310344825 0.019396360152310665
  vertex -0.005172413793103445 -0.007241379310344825 0.019298025627080308
 endloop
endfacet
facet normal 0.0 -0.18816685426245477 0.9821370754415963
 outer loop
  vertex -0.0017241379310344793 -0.009310344827586206 0.018999968708904705
  vertex 0.0017241379310344862 -0.009310344827586206 0.018999968708904705
  vertex 0.0017241379310344862 -0.007241379310344825 0.019396360152310665
 endloop
endfacet
facet normal 0.0 -0.18816685426245477 0.9821370754415963
 outer loop
  vertex -0.0017241379310344793 -0.009310344827586206 0.018999968708904705
  vertex 0.0017241379310344862 -0.007241379310344825 0.019396360152310665
  vertex -0.0017241379310344793 -0.007241379310344825 0.019396360152310665
 endloop
endfacet
facet normal 0.028578045798291856 -0.18903367006804647 0.9815546683088802
 outer loop
  vertex 0.0017241379310344862 -0.009310344827586206 0.018999968708904705
  vertex 0.005172413793103452 -0.009310344827586206 0.018899571870406515
  vertex 0.005172413793103452 -0.007241379310344825 0.019298025627080308
 endloop
endfacet
facet normal 0.027996636577838425 -0.1880930961193311 0.9817520947431548
 outer loop
  vertex 0.0017241379310344862 -0.009310344827586206 0.018999968708904705
  vertex 0.005172413793103452 -0.007241379310344825 0.019298025627080308
  vertex 0.0017241379310344862 -0.007241379310344825 0.019396360152310665
 endloop
endfacet
facet normal 0.05752261967979683 -0.19072612758099486 0.9799564747901468
 outer loop
  vertex 0.005172413793103452 -0.009310344827586206 0.018899571870406515
  vertex 0.008620689655172417 -0.009310344827586206 0.01869716098169098
  vertex 0.008620689655172417 -0.007241379310344825 0.019099837826381007
 endloop
endfacet
facet normal 0.05634771033935023 -0.1888104513787732 0.9803956084100216
 outer loop
  vertex 0.005172413793103452 -0.009310344827586206 0.018899571870406515
  vertex 0.008620689655172417 -0.007241379310344825 0.019099837826381007
  vertex 0.005172413793103452 -0.007241379310344825 0.019298025627080308
 endloop
endfacet
facet normal 0.08722950542037348 -0.19331438961073852 0.9772515337176731
 outer loop
  vertex 0.008620689655172417 -0.009310344827586206 0.01869716098169098
  vertex 0.012068965517241383 -0.009310344827586206 0.01838936775996329
  vertex 0.012068965517241383 -0.007241379310344825 0.018798638855777944
 endloop
endfacet
facet normal 0.08542549846416725 -0.19034411100824822 0.9779936623601546
 outer loop
  vertex 0.008620689655172417 -0.009310344827586206 0.01869716098169098
  vertex 0.012068965517241383 -0.007241379310344825 0.018798638855777944
  vertex 0.008620689655172417 -0.007241379310344825 0.019099837826381007
 endloop
endfacet
facet normal 0.11814696848858093 -0.19691161414763314 0.9732764818132266
 outer loop
  vertex 0.012068965517241383 -0.009310344827586206 0.01838936775996329
  vertex 0.015517241379310348 -0.009310344827586206 0.01797077823557984
  vertex 0.015517241379310348 -0.007241379310344825 0.018389367759963287
 endloop
endfacet
facet normal 0.1156511716145845 -0.19275195269097242 0.9744082774884413
 outer loop
  vertex 0.012068965517241383 -0.009310344827586206 0.01838936775996329
  vertex 0.015517241379310348 -0.007241379310344825 0.018389367759963287
  vertex 0.012068965517241383 -0.007241379310344825 0.018798638855777944
 endloop
endfacet
facet normal 0.15081308976408433 -0.20168900012428564 0.9677690629404704
 outer loop
  vertex 0.015517241379310348 -0.009310344827586206 0.01797077823557984
  vertex 0.01896551724137932 -0.009310344827586206 0.017433413323813155
  vertex 0.01896551724137932 -0.007241379310344825 0.01786459840963947
 endloop
endfacet
facet normal 0.14752879413854741 -0.19613063572028325 0.9694163340030865
 outer loop
  vertex 0.015517241379310348 -0.009310344827586206 0.01797077823557984
  vertex 0.01896551724137932 -0.007241379310344825 0.01786459840963947
  vertex 0.015517241379310348 -0.007241379310344825 0.018389367759963287
 endloop
endfacet
facet normal 0.18590982974752185 -0.2079017111357012 0.9603199538227324
 outer loop
  vertex 0.01896551724137932 -0.009310344827586206 0.017433413323813155
  vertex 0.02241379310344828 -0.009310344827586206 0.016765856249852714
  vertex 0.02241379310344828 -0.007241379310344825 0.017213770999101635
 endloop
endfacet
facet normal 0.18169453525304707 -0.2006265985645228 0.9626713166016785
 outer loop
  vertex 0.01896551724137932 -0.009310344827586206 0.017433413323813155
  vertex 0.02241379310344828 -0.007241379310344825 0.017213770999101635
  vertex 0.01896551724137932 -0.007241379310344825 0.01786459840963947
 endloop
endfacet
facet normal 0.22434779037180255 -0.21593462457067492 0.9502843294860815
 outer loop
  vertex 0.02241379310344828 -0.009310344827586206 0.016765856249852714
  vertex 0.02586206896551725 -0.009310344827586206 0.015951770353407415
  vertex 0.02586206896551725 -0.007241379310344825 0.016421904689366423
 endloop
endfacet
facet normal 0.21899375035330937 -0.20645431678440643 0.9536342864994297
 outer loop
  vertex 0.02241379310344828 -0.009310344827586206 0.016765856249852714
  vertex 0.02586206896551725 -0.007241379310344825 0.016421904689366423
  vertex 0.02241379310344828 -0.007241379310344825 0.017213770999101635
 endloop
endfacet
facet normal 0.2674087179373473 -0.2263874773102194 0.9366115991638257
 outer loop
  vertex 0.02586206896551725 -0.009310344827586206 0.015951770353407415
  vertex 0.02931034482758621 -0.009310344827586206 0.014967265113248763
  vertex 0.02931034482758621 -0.007241379310344825 0.015467352753107452
 endloop
endfacet
facet normal 0.2606107240965508 -0.21392593575911928 0.9414444988927688
 outer loop
  vertex 0.02586206896551725 -0.009310344827586206 0.015951770353407415
  vertex 0.02931034482758621 -0.007241379310344825 0.015467352753107452
  vertex 0.02586206896551725 -0.007241379310344825 0.016421904689366423
 endloop
endfacet
facet normal 0.31700254277849 -0.24024675341699436 0.9174916268525646
 outer loop
  vertex 0.02931034482758621 -0.009310344827586206 0.014967265113248763
  vertex 0.03275862068965518 -0.009310344827586206 0.013775851279612535
  vertex 0.03275862068965518 -0.007241379310344825 0.014317613442777027
 endloop
endfacet
facet normal 0.3083043207880783 -0.22349875134859412 0.9246603451695227
 outer loop
  vertex 0.02931034482758621 -0.009310344827586206 0.014967265113248763
  vertex 0.03275862068965518 -0.007241379310344825 0.014317613442777027
  vertex 0.02931034482758621 -0.007241379310344825 0.015467352753107452
 endloop
endfacet
facet normal 0.3761689337671476 -0.25927660026824906 0.8895350346230473
 outer loop
  vertex 0.03275862068965518 -0.009310344827586206 0.013775851279612535
  vertex 0.03620689655172414 -0.009310344827586206 0.012317635241028793
  vertex 0.03620689655172414 -0.007241379310344825 0.01292068551392772
 endloop
endfacet
facet normal 0.3648773255048525 -0.23584696708728936 0.9006890392628039
 outer loop
  vertex 0.03275862068965518 -0.009310344827586206 0.013775851279612535
  vertex 0.03620689655172414 -0.007241379310344825 0.01292068551392772
  vertex 0.03275862068965518 -0.007241379310344825 0.014317613442777027
 endloop
endfacet
facet normal 0.4501490263583307 -0.28708805079272254 0.8455449752441807
 outer loop
  vertex 0.03620689655172414 -0.009310344827586206 0.012317635241028793
  vertex 0.03965517241379311 -0.009310344827586206 0.010481851140393557
  vertex 0.03965517241379311 -0.007241379310344825 0.011184327407053002
 endloop
endfacet
facet normal 0.4352370824802069 -0.25193520500008193 0.8643479244584812
 outer loop
  vertex 0.03620689655172414 -0.009310344827586206 0.012317635241028793
  vertex 0.03965517241379311 -0.007241379310344825 0.011184327407053002
  vertex 0.03620689655172414 -0.007241379310344825 0.01292068551392772
 endloop
endfacet
facet normal 0.5488664106669394 -0.33320248646111716 0.7666301365441615
 outer loop
  vertex 0.03965517241379311 -0.009310344827586206 0.010481851140393557
  vertex 0.04310344827586207 -0.009310344827586206 0.008013068992153274
  vertex 0.04310344827586207 -0.007241379310344825 0.00891230895401385
 endloop
endfacet
facet normal 0.5293300901075785 -0.2727690767885903 0.8033720722396334
 outer loop
  vertex 0.03965517241379311 -0.009310344827586206 0.010481851140393557
  vertex 0.04310344827586207 -0.007241379310344825 0.00891230895401385
  vertex 0.03965517241379311 -0.007241379310344825 0.011184327407053002
 endloop
endfacet
facet normal 0.6886464476552858 -0.4494272315134942 0.5690177797800976
 outer loop
  vertex 0.04310344827586207 -0.009310344827586206 0.008013068992153274
  vertex 0.046551724137931044 -0.009310344827586206 0.0038398374916068945
  vertex 0.046551724137931044 -0.007241379310344825 0.005473968229788797
 endloop
endfacet
facet normal 0.6748464624537163 -0.29415782971663795 0.676796441576123
 outer loop
  vertex 0.04310344827586207 -0.009310344827586206 0.008013068992153274
  vertex 0.046551724137931044 -0.007241379310344825 0.005473968229788797
  vertex 0.04310344827586207 -0.007241379310344825 0.00891230895401385
 endloop
endfacet
facet normal -0.6907580787903362 -0.20723205325283836 0.6927540347702759
 outer loop
  vertex -0.04655172413793104 -0.007241379310344825 0.00547396822978881
  vertex -0.04310344827586207 -0.007241379310344825 0.00891230895401385
  vertex -0.04310344827586207 -0.005172413793103445 0.009531224111093277
 endloop
endfacet
facet normal -0.6319001964085565 -0.32585528883896364 0.703221496055477
 outer loop
  vertex -0.04655172413793104 -0.007241379310344825 0.00547396822978881
  vertex -0.04310344827586207 -0.005172413793103445 0.009531224111093277
  vertex -0.04655172413793104 -0.005172413793103445 0.00643267520902677
 endloop
endfacet
facet normal -0.5393566562489462 -0.19749826197542347 0.818589539315427
 outer loop
  vertex -0.04310344827586207 -0.007241379310344825 0.00891230895401385
  vertex -0.039655172413793106 -0.007241379310344825 0.011184327407053003
  vertex -0.039655172413793106 -0.005172413793103445 0.011683499549032701
 endloop
endfacet
facet normal -0.5132189741305383 -0.24597146225721148 0.8222556319949698
 outer loop
  vertex -0.04310344827586207 -0.007241379310344825 0.00891230895401385
  vertex -0.039655172413793106 -0.005172413793103445 0.011683499549032701
  vertex -0.04310344827586207 -0.005172413793103445 0.009531224111093277
 endloop
endfacet
facet normal -0.4420376371651399 -0.18432658658471213 0.8778533116685775
 outer loop
  vertex -0.039655172413793106 -0.007241379310344825 0.011184327407053003
  vertex -0.03620689655172414 -0.007241379310344825 0.01292068551392772
  vertex -0.03620689655172414 -0.005172413793103445 0.013355114986922129
 endloop
endfacet
facet normal -0.4262847940037306 -0.21215953631145693 0.8793574958759973
 outer loop
  vertex -0.039655172413793106 -0.007241379310344825 0.011184327407053003
  vertex -0.03620689655172414 -0.005172413793103445 0.013355114986922129
  vertex -0.039655172413793106 -0.005172413793103445 0.011683499549032701
 endloop
endfacet
facet normal -0.3697757460593719 -0.1734859851199857 0.9127806475781479
 outer loop
  vertex -0.03620689655172414 -0.007241379310344825 0.01292068551392772
  vertex -0.03275862068965517 -0.007241379310344825 0.014317613442777034
  vertex -0.03275862068965517 -0.005172413793103445 0.014710847591518307
 endloop
endfacet
facet normal -0.3591062496206254 -0.19178602309776716 0.9133787948205017
 outer loop
  vertex -0.03620689655172414 -0.007241379310344825 0.01292068551392772
  vertex -0.03275862068965517 -0.005172413793103445 0.014710847591518307
  vertex -0.03620689655172414 -0.005172413793103445 0.013355114986922129
 endloop
endfacet
facet normal -0.3119736641193427 -0.16493256475090434 0.935665368591058
 outer loop
  vertex -0.03275862068965517 -0.007241379310344825 0.014317613442777034
  vertex -0.029310344827586206 -0.007241379310344825 0.015467352753107452
  vertex -0.029310344827586206 -0.005172413793103445 0.015832055563102063
 endloop
endfacet
facet normal -0.30428480640000916 -0.1778664616678155 0.9358281243945816
 outer loop
  vertex -0.03275862068965517 -0.007241379310344825 0.014317613442777034
  vertex -0.029310344827586206 -0.005172413793103445 0.015832055563102063
  vertex -0.03275862068965517 -0.005172413793103445 0.014710847591518307
 endloop
endfacet
facet normal -0.2634272376977245 -0.15820024390330417 0.9516190273780162
 outer loop
  vertex -0.029310344827586206 -0.007241379310344825 0.015467352753107452
  vertex -0.02586206896551724 -0.007241379310344825 0.016421904689366426
  vertex -0.02586206896551724 -0.005172413793103445 0.016765856249852714
 endloop
endfacet
facet normal -0.2576842093210286 -0.16773414384896676 0.9515587765628829
 outer loop
  vertex -0.029310344827586206 -0.007241379310344825 0.015467352753107452
  vertex -0.02586206896551724 -0.005172413793103445 0.016765856249852714
  vertex -0.029310344827586206 -0.005172413793103445 0.015832055563102063
 endloop
endfacet
facet normal -0.22118401614636382 -0.15289609503975965 0.9631720589401241
 outer loop
  vertex -0.02586206896551724 -0.007241379310344825 0.016421904689366426
  vertex -0.022413793103448276 -0.007241379310344825 0.017213770999101635
  vertex -0.022413793103448276 -0.005172413793103445 0.017542203230312973
 endloop
endfacet
facet normal -0.21680984793541574 -0.1600918305067896 0.9629974536016215
 outer loop
  vertex -0.02586206896551724 -0.007241379310344825 0.016421904689366426
  vertex -0.022413793103448276 -0.005172413793103445 0.017542203230312973
  vertex -0.02586206896551724 -0.005172413793103445 0.016765856249852714
 endloop
endfacet
facet normal -0.18340259250934254 -0.1487332391015868 0.9717211084705335
 outer loop
  vertex -0.022413793103448276 -0.007241379310344825 0.017213770999101635
  vertex -0.01896551724137931 -0.007241379310344825 0.017864598409639474
  vertex -0.01896551724137931 -0.005172413793103445 0.018181277691674574
 endloop
endfacet
facet normal -0.18004844211943166 -0.15421706219079462 0.9714935183621176
 outer loop
  vertex -0.022413793103448276 -0.007241379310344825 0.017213770999101635
  vertex -0.01896551724137931 -0.005172413793103445 0.018181277691674574
  vertex -0.022413793103448276 -0.005172413793103445 0.017542203230312973
 endloop
endfacet
facet normal -0.14884964550829347 -0.14550809136671614 0.9780956897864702
 outer loop
  vertex -0.01896551724137931 -0.007241379310344825 0.017864598409639474
  vertex -0.015517241379310341 -0.007241379310344825 0.01838936775996329
  vertex -0.015517241379310341 -0.005172413793103445 0.01869716098169098
 endloop
endfacet
facet normal -0.14629284654874852 -0.14967181695448853 0.9778531332762638
 outer loop
  vertex -0.01896551724137931 -0.007241379310344825 0.017864598409639474
  vertex -0.015517241379310341 -0.005172413793103445 0.01869716098169098
  vertex -0.01896551724137931 -0.005172413793103445 0.018181277691674574
 endloop
endfacet
facet normal -0.11664874763966379 -0.14307746572911495 0.9828132622602485
 outer loop
  vertex -0.015517241379310341 -0.007241379310344825 0.01838936775996329
  vertex -0.012068965517241376 -0.007241379310344825 0.018798638855777944
  vertex -0.012068965517241376 -0.005172413793103445 0.019099837826381007
 endloop
endfacet
facet normal -0.11474224953548855 -0.14617547179797344 0.9825817765540817
 outer loop
  vertex -0.015517241379310341 -0.007241379310344825 0.01838936775996329
  vertex -0.012068965517241376 -0.005172413793103445 0.019099837826381007
  vertex -0.015517241379310341 -0.005172413793103445 0.01869716098169098
 endloop
endfacet
facet normal -0.086142806906609 -0.1413421467704791 0.9862057667467591
 outer loop
  vertex -0.012068965517241376 -0.007241379310344825 0.018798638855777944
  vertex -0.00862068965517241 -0.007241379310344825 0.019099837826381007
  vertex -0.00862068965517241 -0.005172413793103445 0.019396360152310665
 endloop
endfacet
facet normal -0.08478805739045803 -0.14354217413125173 0.9860053902335554
 outer loop
  vertex -0.012068965517241376 -0.007241379310344825 0.018798638855777944
  vertex -0.00862068965517241 -0.005172413793103445 0.019396360152310665
  vertex -0.012068965517241376 -0.005172413793103445 0.019099837826381007
 endloop
endfacet
facet normal -0.05681274745821824 -0.1402360506963363 0.9884868040653568
 outer loop
  vertex -0.00862068965517241 -0.007241379310344825 0.019099837826381007
  vertex -0.005172413793103445 -0.007241379310344825 0.019298025627080308
  vertex -0.005172413793103445 -0.005172413793103445 0.019591548567367986
 endloop
endfacet
facet normal -0.055944352784071595 -0.14164732066100233 0.988335098001245
 outer loop
  vertex -0.00862068965517241 -0.007241379310344825 0.019099837826381007
  vertex -0.005172413793103445 -0.005172413793103445 0.019591548567367986
  vertex -0.00862068965517241 -0.005172413793103445 0.019396360152310665
 endloop
endfacet
facet normal -0.02822581811379826 -0.1397194471618651 0.9897887548747911
 outer loop
  vertex -0.005172413793103445 -0.007241379310344825 0.019298025627080308
  vertex -0.0017241379310344793 -0.007241379310344825 0.019396360152310665
  vertex -0.0017241379310344793 -0.005172413793103445 0.01968841713602786
 endloop
endfacet
facet normal -0.027802628518290868 -0.14040862072727434 0.9897032045380768
 outer loop
  vertex -0.005172413793103445 -0.007241379310344825 0.019298025627080308
  vertex -0.0017241379310344793 -0.005172413793103445 0.01968841713602786
  vertex -0.005172413793103445 -0.005172413793103445 0.019591548567367986
 endloop
endfacet
facet normal 0.0 -0.13977513745908496 0.9901832713938838
 outer loop
  vertex -0.0017241379310344793 -0.007241379310344825 0.019396360152310665
  vertex 0.0017241379310344862 -0.007241379310344825 0.019396360152310665
  vertex 0.0017241379310344862 -0.005172413793103445 0.01968841713602786
 endloop
endfacet
facet normal 0.0 -0.13977513745908496 0.9901832713938838
 outer loop
  vertex -0.0017241379310344793 -0.007241379310344825 0.019396360152310665
  vertex 0.0017241379310344862 -0.005172413793103445 0.01968841713602786
  vertex -0.0017241379310344793 -0.005172413793103445 0.01968841713602786
 endloop
endfacet
facet normal 0.02822304582567062 -0.14040696583453993 0.9896915396372046
 outer loop
  vertex 0.0017241379310344862 -0.007241379310344825 0.019396360152310665
  vertex 0.005172413793103452 -0.007241379310344825 0.019298025627080308
  vertex 0.005172413793103452 -0.005172413793103445 0.019591548567367986
 endloop
endfacet
facet normal 0.02780535957413195 -0.13972109427477172 0.9898004232134949
 outer loop
  vertex 0.0017241379310344862 -0.007241379310344825 0.019396360152310665
  vertex 0.005172413793103452 -0.005172413793103445 0.019591548567367986
  vertex 0.0017241379310344862 -0.005172413793103445 0.01968841713602786
 endloop
endfacet
facet normal 0.05680127551142603 -0.1416404564339969 0.9882872032974241
 outer loop
  vertex 0.005172413793103452 -0.007241379310344825 0.019298025627080308
  vertex 0.008620689655172417 -0.007241379310344825 0.019099837826381007
  vertex 0.008620689655172417 -0.005172413793103445 0.019396360152310665
 endloop
endfacet
facet normal 0.055955652756799035 -0.14024284960823355 0.9885347277958033
 outer loop
  vertex 0.005172413793103452 -0.007241379310344825 0.019298025627080308
  vertex 0.008620689655172417 -0.005172413793103445 0.019396360152310665
  vertex 0.005172413793103452 -0.005172413793103445 0.019591548567367986
 endloop
endfacet
facet normal 0.08611546405012753 -0.14352577341687914 0.9858927321045216
 outer loop
  vertex 0.008620689655172417 -0.007241379310344825 0.019099837826381007
  vertex 0.012068965517241383 -0.007241379310344825 0.018798638855777944
  vertex 0.012068965517241383 -0.005172413793103445 0.019099837826381007
 endloop
endfacet
facet normal 0.0848149849327854 -0.1413583082213089 0.9863185322337104
 outer loop
  vertex 0.008620689655172417 -0.007241379310344825 0.019099837826381007
  vertex 0.012068965517241383 -0.005172413793103445 0.019099837826381007
  vertex 0.008620689655172417 -0.005172413793103445 0.019396360152310665
 endloop
endfacet
facet normal 0.11659593136502887 -0.1461437081768848 0.982368263610664
 outer loop
  vertex 0.012068965517241383 -0.007241379310344825 0.018798638855777944
  vertex 0.015517241379310348 -0.007241379310344825 0.018389367759963287
  vertex 0.015517241379310348 -0.005172413793103445 0.018697160981690976
 endloop
endfacet
facet normal 0.114794248730533 -0.14310859110611782 0.9830270655531385
 outer loop
  vertex 0.012068965517241383 -0.007241379310344825 0.018798638855777944
  vertex 0.015517241379310348 -0.005172413793103445 0.018697160981690976
  vertex 0.012068965517241383 -0.005172413793103445 0.019099837826381007
 endloop
endfacet
facet normal 0.1487574323591538 -0.1496161975663324 0.9774897542909102
 outer loop
  vertex 0.015517241379310348 -0.007241379310344825 0.018389367759963287
  vertex 0.01896551724137932 -0.007241379310344825 0.01786459840963947
  vertex 0.01896551724137932 -0.005172413793103445 0.018181277691674574
 endloop
endfacet
facet normal 0.1463835994267234 -0.14556225069890733 0.9784597452068966
 outer loop
  vertex 0.015517241379310348 -0.007241379310344825 0.018389367759963287
  vertex 0.01896551724137932 -0.005172413793103445 0.018181277691674574
  vertex 0.015517241379310348 -0.005172413793103445 0.018697160981690976
 endloop
endfacet
facet normal 0.1832494169223998 -0.1541243599903703 0.9709095389659941
 outer loop
  vertex 0.01896551724137932 -0.007241379310344825 0.01786459840963947
  vertex 0.02241379310344828 -0.007241379310344825 0.017213770999101635
  vertex 0.02241379310344828 -0.005172413793103445 0.017542203230312973
 endloop
endfacet
facet normal 0.1801991233832053 -0.14882284842250865 0.9723065543949271
 outer loop
  vertex 0.01896551724137932 -0.007241379310344825 0.01786459840963947
  vertex 0.02241379310344828 -0.005172413793103445 0.017542203230312973
  vertex 0.01896551724137932 -0.005172413793103445 0.018181277691674574
 endloop
endfacet
facet normal 0.22093433869252888 -0.15994010946896745 0.9620848088238114
 outer loop
  vertex 0.02241379310344828 -0.007241379310344825 0.017213770999101635
  vertex 0.02586206896551725 -0.007241379310344825 0.016421904689366423
  vertex 0.02586206896551725 -0.005172413793103445 0.016765856249852714
 endloop
endfacet
facet normal 0.2170553301718807 -0.15304146251375336 0.9640878042977348
 outer loop
  vertex 0.02241379310344828 -0.007241379310344825 0.017213770999101635
  vertex 0.02586206896551725 -0.005172413793103445 0.016765856249852714
  vertex 0.02241379310344828 -0.005172413793103445 0.017542203230312973
 endloop
endfacet
facet normal 0.26301843169742717 -0.16748444562790651 0.9501422341208388
 outer loop
  vertex 0.02586206896551725 -0.007241379310344825 0.016421904689366423
  vertex 0.02931034482758621 -0.007241379310344825 0.015467352753107452
  vertex 0.02931034482758621 -0.005172413793103445 0.015832055563102063
 endloop
endfacet
facet normal 0.25808592233295113 -0.15843683594274635 0.9530421951361866
 outer loop
  vertex 0.02586206896551725 -0.007241379310344825 0.016421904689366423
  vertex 0.02931034482758621 -0.005172413793103445 0.015832055563102063
  vertex 0.02586206896551725 -0.005172413793103445 0.016765856249852714
 endloop
endfacet
facet normal 0.3112860573916677 -0.17744356871973788 0.9336031118165551
 outer loop
  vertex 0.02931034482758621 -0.007241379310344825 0.015467352753107452
  vertex 0.03275862068965518 -0.007241379310344825 0.014317613442777027
  vertex 0.03275862068965518 -0.005172413793103445 0.014710847591518302
 endloop
endfacet
facet normal 0.3049601661791137 -0.16532738552337603 0.9379051938442459
 outer loop
  vertex 0.02931034482758621 -0.007241379310344825 0.015467352753107452
  vertex 0.03275862068965518 -0.005172413793103445 0.014710847591518302
  vertex 0.02931034482758621 -0.005172413793103445 0.015832055563102063
 endloop
endfacet
facet normal 0.3685548420588131 -0.1910276143559245 0.9097668816507268
 outer loop
  vertex 0.03275862068965518 -0.007241379310344825 0.014317613442777027
  vertex 0.03620689655172414 -0.007241379310344825 0.01292068551392772
  vertex 0.03620689655172414 -0.005172413793103445 0.013355114986922129
 endloop
endfacet
facet normal 0.36030536549048897 -0.1741793492379828 0.9164287194854808
 outer loop
  vertex 0.03275862068965518 -0.007241379310344825 0.014317613442777027
  vertex 0.03620689655172414 -0.005172413793103445 0.013355114986922129
  vertex 0.03275862068965518 -0.005172413793103445 0.014710847591518302
 endloop
endfacet
facet normal 0.43965206772713517 -0.21065361220154524 0.8731157512092516
 outer loop
  vertex 0.03620689655172414 -0.007241379310344825 0.01292068551392772
  vertex 0.03965517241379311 -0.007241379310344825 0.011184327407053002
  vertex 0.03965517241379311 -0.005172413793103445 0.0116834995490327
 endloop
endfacet
facet normal 0.42863129580476506 -0.1856587981947199 0.8841979545947958
 outer loop
  vertex 0.03620689655172414 -0.007241379310344825 0.01292068551392772
  vertex 0.03965517241379311 -0.005172413793103445 0.0116834995490327
  vertex 0.03620689655172414 -0.005172413793103445 0.013355114986922129
 endloop
endfacet
facet normal 0.5337920293503257 -0.24234836741105828 0.8101440231312305
 outer loop
  vertex 0.03965517241379311 -0.007241379310344825 0.011184327407053002
  vertex 0.04310344827586207 -0.007241379310344825 0.00891230895401385
  vertex 0.04310344827586207 -0.005172413793103445 0.009531224111093277
 endloop
endfacet
facet normal 0.5187329042831125 -0.20051415537707626 0.8310897950928198
 outer loop
  vertex 0.03965517241379311 -0.007241379310344825 0.011184327407053002
  vertex 0.04310344827586207 -0.005172413793103445 0.009531224111093277
  vertex 0.03965517241379311 -0.005172413793103445 0.0116834995490327
 endloop
endfacet
facet normal 0.67089221483009 -0.31177298405516396 0.6728307680938164
 outer loop
  vertex 0.04310344827586207 -0.007241379310344825 0.00891230895401385
  vertex 0.046551724137931044 -0.007241379310344825 0.005473968229788797
  vertex 0.046551724137931044 -0.005172413793103445 0.00643267520902676
 endloop
endfacet
facet normal 0.6524250426531308 -0.21719615671651504 0.7260629402652607
 outer loop
  vertex 0.04310344827586207 -0.007241379310344825 0.00891230895401385
  vertex 0.046551724137931044 -0.005172413793103445 0.00643267520902676
  vertex 0.04310344827586207 -0.005172413793103445 0.009531224111093277
 endloop
endfacet
facet normal -0.6618672927742105 -0.13926582268529833 0.7365709180978601
 outer loop
  vertex -0.04655172413793104 -0.005172413793103445 0.00643267520902677
  vertex -0.04310344827586207 -0.005172413793103445 0.009531224111093277
  vertex -0.04310344827586207 -0.0031034482758620675 0.009922410048233212
 endloop
endfacet
facet normal -0.6329768953131574 -0.20446927077715638 0.7466810345171316
 outer loop
  vertex -0.04655172413793104 -0.005172413793103445 0.00643267520902677
  vertex -0.04310344827586207 -0.0031034482758620675 0.009922410048233212
  vertex -0.04655172413793104 -0.0031034482758620675 0.006999235562132566
 endloop
endfacet
facet normal -0.5249518296899939 -0.1305934109605782 0.8410534688822162
 outer loop
  vertex -0.04310344827586207 -0.005172413793103445 0.009531224111093277
  vertex -0.039655172413793106 -0.005172413793103445 0.011683499549032701
  vertex -0.039655172413793106 -0.0031034482758620675 0.012004755300364971
 endloop
endfacet
facet normal -0.5102953388559777 -0.1597720648102258 0.845027546561732
 outer loop
  vertex -0.04310344827586207 -0.005172413793103445 0.009531224111093277
  vertex -0.039655172413793106 -0.0031034482758620675 0.012004755300364971
  vertex -0.04310344827586207 -0.0031034482758620675 0.009922410048233212
 endloop
endfacet
facet normal -0.4329723721072693 -0.12170792216948943 0.8931529021802425
 outer loop
  vertex -0.039655172413793106 -0.005172413793103445 0.011683499549032701
  vertex -0.03620689655172414 -0.005172413793103445 0.013355114986922129
  vertex -0.03620689655172414 -0.0031034482758620675 0.013637048229851853
 endloop
endfacet
facet normal -0.4236983226104586 -0.13898191975794655 0.8950775147424269
 outer loop
  vertex -0.039655172413793106 -0.005172413793103445 0.011683499549032701
  vertex -0.03620689655172414 -0.0031034482758620675 0.013637048229851853
  vertex -0.039655172413793106 -0.0031034482758620675 0.012004755300364971
 endloop
endfacet
facet normal -0.363488661740902 -0.11458117614139841 0.9245253630159975
 outer loop
  vertex -0.03620689655172414 -0.005172413793103445 0.013355114986922129
  vertex -0.03275862068965517 -0.005172413793103445 0.014710847591518307
  vertex -0.03275862068965517 -0.0031034482758620675 0.014967265113248765
 endloop
endfacet
facet normal -0.3570376164367541 -0.12612075307206166 0.9255364369346553
 outer loop
  vertex -0.03620689655172414 -0.005172413793103445 0.013355114986922129
  vertex -0.03275862068965517 -0.0031034482758620675 0.014967265113248765
  vertex -0.03620689655172414 -0.0031034482758620675 0.013637048229851853
 endloop
endfacet
facet normal -0.3073733208896743 -0.10898983004938395 0.9453268527610225
 outer loop
  vertex -0.03275862068965517 -0.005172413793103445 0.014710847591518307
  vertex -0.029310344827586206 -0.005172413793103445 0.015832055563102063
  vertex -0.029310344827586206 -0.0031034482758620675 0.01607059337618075
 endloop
endfacet
facet normal -0.30264451139636134 -0.11722615137124126 0.9458669722304213
 outer loop
  vertex -0.03275862068965517 -0.005172413793103445 0.014710847591518307
  vertex -0.029310344827586206 -0.0031034482758620675 0.01607059337618075
  vertex -0.03275862068965517 -0.0031034482758620675 0.014967265113248765
 endloop
endfacet
facet normal -0.25995375435695495 -0.10459451540561632 0.9599395985908635
 outer loop
  vertex -0.029310344827586206 -0.005172413793103445 0.015832055563102063
  vertex -0.02586206896551724 -0.005172413793103445 0.016765856249852714
  vertex -0.02586206896551724 -0.0031034482758620675 0.01699128964793782
 endloop
endfacet
facet normal -0.2563793683531334 -0.11070638552121825 0.9602154527436412
 outer loop
  vertex -0.029310344827586206 -0.005172413793103445 0.015832055563102063
  vertex -0.02586206896551724 -0.0031034482758620675 0.01699128964793782
  vertex -0.029310344827586206 -0.0031034482758620675 0.01607059337618075
 endloop
endfacet
facet normal -0.21851667678775846 -0.10113160553433327 0.9705786214046147
 outer loop
  vertex -0.02586206896551724 -0.005172413793103445 0.016765856249852714
  vertex -0.022413793103448276 -0.005172413793103445 0.017542203230312973
  vertex -0.022413793103448276 -0.0031034482758620675 0.017757783709770665
 endloop
endfacet
facet normal -0.21577016250022774 -0.10576685752243935 0.9706990310206627
 outer loop
  vertex -0.02586206896551724 -0.005172413793103445 0.016765856249852714
  vertex -0.022413793103448276 -0.0031034482758620675 0.017757783709770665
  vertex -0.02586206896551724 -0.0031034482758620675 0.01699128964793782
 endloop
endfacet
facet normal -0.1813438474164868 -0.09841277210023185 0.9784831808936391
 outer loop
  vertex -0.022413793103448276 -0.005172413793103445 0.017542203230312973
  vertex -0.01896551724137931 -0.005172413793103445 0.018181277691674574
  vertex -0.01896551724137931 -0.0031034482758620675 0.018389367759963287
 endloop
endfacet
facet normal -0.179223436902114 -0.10195812271707835 0.9785108588447055
 outer loop
  vertex -0.022413793103448276 -0.005172413793103445 0.017542203230312973
  vertex -0.01896551724137931 -0.0031034482758620675 0.018389367759963287
  vertex -0.022413793103448276 -0.0031034482758620675 0.017757783709770665
 endloop
endfacet
facet normal -0.14727176147659404 -0.09630540053039215 0.9843964130878688
 outer loop
  vertex -0.01896551724137931 -0.005172413793103445 0.018181277691674574
  vertex -0.015517241379310341 -0.005172413793103445 0.01869716098169098
  vertex -0.015517241379310341 -0.0031034482758620675 0.018899571870406515
 endloop
endfacet
facet normal -0.1456466491102458 -0.09900489019660595 0.9843704004693126
 outer loop
  vertex -0.01896551724137931 -0.005172413793103445 0.018181277691674574
  vertex -0.015517241379310341 -0.0031034482758620675 0.018899571870406515
  vertex -0.01896551724137931 -0.0031034482758620675 0.018389367759963287
 endloop
endfacet
facet normal -0.11546666594832761 -0.09471649901629206 0.9887852314172547
 outer loop
  vertex -0.015517241379310341 -0.005172413793103445 0.01869716098169098
  vertex -0.012068965517241376 -0.005172413793103445 0.019099837826381007
  vertex -0.012068965517241376 -0.0031034482758620675 0.019298025627080308
 endloop
endfacet
facet normal -0.11424952350125506 -0.09672953343553573 0.9887317349721713
 outer loop
  vertex -0.015517241379310341 -0.005172413793103445 0.01869716098169098
  vertex -0.012068965517241376 -0.0031034482758620675 0.019298025627080308
  vertex -0.015517241379310341 -0.0031034482758620675 0.018899571870406515
 endloop
endfacet
facet normal -0.08529931636644691 -0.09358170201203987 0.9919508514417167
 outer loop
  vertex -0.012068965517241376 -0.005172413793103445 0.019099837826381007
  vertex -0.00862068965517241 -0.005172413793103445 0.019396360152310665
  vertex -0.00862068965517241 -0.0031034482758620675 0.019591548567367986
 endloop
endfacet
facet normal -0.08443122904028115 -0.09501380924112342 0.9918889774648366
 outer loop
  vertex -0.012068965517241376 -0.005172413793103445 0.019099837826381007
  vertex -0.00862068965517241 -0.0031034482758620675 0.019591548567367986
  vertex -0.012068965517241376 -0.0031034482758620675 0.019298025627080308
 endloop
endfacet
facet normal -0.05626999658867158 -0.09285814681377264 0.9940880504533905
 outer loop
  vertex -0.00862068965517241 -0.005172413793103445 0.019396360152310665
  vertex -0.005172413793103445 -0.005172413793103445 0.019591548567367986
  vertex -0.005172413793103445 -0.0031034482758620675 0.01978481143142214
 endloop
endfacet
facet normal -0.05571180972384734 -0.09377814592224432 0.9940331250037294
 outer loop
  vertex -0.00862068965517241 -0.005172413793103445 0.019396360152310665
  vertex -0.005172413793103445 -0.0031034482758620675 0.01978481143142214
  vertex -0.00862068965517241 -0.0031034482758620675 0.019591548567367986
 endloop
endfacet
facet normal -0.02796036345642512 -0.09252005373625734 0.9953181690957041
 outer loop
  vertex -0.005172413793103445 -0.005172413793103445 0.019591548567367986
  vertex -0.0017241379310344793 -0.005172413793103445 0.01968841713602786
  vertex -0.0017241379310344793 -0.0031034482758620675 0.019880738352275273
 endloop
endfacet
facet normal -0.027687610235845643 -0.092969849780876 0.9952838807451617
 outer loop
  vertex -0.005172413793103445 -0.005172413793103445 0.019591548567367986
  vertex -0.0017241379310344793 -0.0031034482758620675 0.019880738352275273
  vertex -0.005172413793103445 -0.0031034482758620675 0.01978481143142214
 endloop
endfacet
facet normal 0.0 -0.09255624020792498 0.9957074582419141
 outer loop
  vertex -0.0017241379310344793 -0.005172413793103445 0.01968841713602786
  vertex 0.0017241379310344862 -0.005172413793103445 0.01968841713602786
  vertex 0.0017241379310344862 -0.0031034482758620675 0.019880738352275273
 endloop
endfacet
facet normal 0.0 -0.09255624020792498 0.9957074582419141
 outer loop
  vertex -0.0017241379310344793 -0.005172413793103445 0.01968841713602786
  vertex 0.0017241379310344862 -0.0031034482758620675 0.019880738352275273
  vertex -0.0017241379310344793 -0.0031034482758620675 0.019880738352275273
 endloop
endfacet
facet normal 0.02795918880123706 -0.09296914673686581 0.9952763543441571
 outer loop
  vertex 0.0017241379310344862 -0.005172413793103445 0.01968841713602786
  vertex 0.005172413793103452 -0.005172413793103445 0.019591548567367986
  vertex 0.005172413793103452 -0.0031034482758620675 0.01978481143142214
 endloop
endfacet
facet normal 0.02768877349874159 -0.09252075344296236 0.9953256964453806
 outer loop
  vertex 0.0017241379310344862 -0.005172413793103445 0.01968841713602786
  vertex 0.005172413793103452 -0.0031034482758620675 0.01978481143142214
  vertex 0.0017241379310344862 -0.0031034482758620675 0.019880738352275273
 endloop
endfacet
facet normal 0.05626513894742902 -0.09377523157904846 0.9940022334389004
 outer loop
  vertex 0.005172413793103452 -0.005172413793103445 0.019591548567367986
  vertex 0.008620689655172417 -0.005172413793103445 0.019396360152310665
  vertex 0.008620689655172417 -0.0031034482758620675 0.019591548567367986
 endloop
endfacet
facet normal 0.055716619892510345 -0.09286103315418401 0.9941189500202131
 outer loop
  vertex 0.005172413793103452 -0.005172413793103445 0.019591548567367986
  vertex 0.008620689655172417 -0.0031034482758620675 0.019591548567367986
  vertex 0.005172413793103452 -0.0031034482758620675 0.01978481143142214
 endloop
endfacet
facet normal 0.08528775147832542 -0.09500685341361463 0.9918163626661013
 outer loop
  vertex 0.008620689655172417 -0.005172413793103445 0.019396360152310665
  vertex 0.012068965517241383 -0.005172413793103445 0.019099837826381007
  vertex 0.012068965517241383 -0.0031034482758620675 0.019298025627080308
 endloop
endfacet
facet normal 0.08444267946209366 -0.09358855535701002 0.9920234957859869
 outer loop
  vertex 0.008620689655172417 -0.005172413793103445 0.019396360152310665
  vertex 0.012068965517241383 -0.0031034482758620675 0.019298025627080308
  vertex 0.008620689655172417 -0.0031034482758620675 0.019591548567367986
 endloop
endfacet
facet normal 0.11544436425249066 -0.09671608335435838 0.988594253464449
 outer loop
  vertex 0.012068965517241383 -0.005172413793103445 0.019099837826381007
  vertex 0.015517241379310348 -0.005172413793103445 0.018697160981690976
  vertex 0.015517241379310348 -0.0031034482758620675 0.01889957187040651
 endloop
endfacet
facet normal 0.11427160051706546 -0.09472967611064177 0.9889227926280398
 outer loop
  vertex 0.012068965517241383 -0.005172413793103445 0.019099837826381007
  vertex 0.015517241379310348 -0.0031034482758620675 0.01889957187040651
  vertex 0.012068965517241383 -0.0031034482758620675 0.019298025627080308
 endloop
endfacet
facet normal 0.14723291506197164 -0.09898139088984449 0.9841367552224976
 outer loop
  vertex 0.015517241379310348 -0.005172413793103445 0.018697160981690976
  vertex 0.01896551724137932 -0.005172413793103445 0.018181277691674574
  vertex 0.01896551724137932 -0.0031034482758620675 0.018389367759963283
 endloop
endfacet
facet normal 0.14568509525508896 -0.09632827659755243 0.9846302433646151
 outer loop
  vertex 0.015517241379310348 -0.005172413793103445 0.018697160981690976
  vertex 0.01896551724137932 -0.0031034482758620675 0.018389367759963283
  vertex 0.015517241379310348 -0.0031034482758620675 0.01889957187040651
 endloop
endfacet
facet normal 0.18127952299831906 -0.10191907424103973 0.9781361034372217
 outer loop
  vertex 0.01896551724137932 -0.005172413793103445 0.018181277691674574
  vertex 0.02241379310344828 -0.005172413793103445 0.017542203230312973
  vertex 0.02241379310344828 -0.0031034482758620675 0.017757783709770665
 endloop
endfacet
facet normal 0.17928708051361536 -0.0984505039774818 0.9788583355253629
 outer loop
  vertex 0.01896551724137932 -0.005172413793103445 0.018181277691674574
  vertex 0.02241379310344828 -0.0031034482758620675 0.017757783709770665
  vertex 0.01896551724137932 -0.0031034482758620675 0.018389367759963283
 endloop
endfacet
facet normal 0.21841227321859244 -0.10570321040807688 0.970114895369055
 outer loop
  vertex 0.02241379310344828 -0.005172413793103445 0.017542203230312973
  vertex 0.02586206896551725 -0.005172413793103445 0.016765856249852714
  vertex 0.02586206896551725 -0.0031034482758620675 0.016991289647937818
 endloop
endfacet
facet normal 0.21587342744498936 -0.10119255822953142 0.971163595632639
 outer loop
  vertex 0.02241379310344828 -0.005172413793103445 0.017542203230312973
  vertex 0.02586206896551725 -0.0031034482758620675 0.016991289647937818
  vertex 0.02241379310344828 -0.0031034482758620675 0.017757783709770665
 endloop
endfacet
facet normal 0.2597838008950732 -0.11060222418271125 0.9593120059700838
 outer loop
  vertex 0.02586206896551725 -0.005172413793103445 0.016765856249852714
  vertex 0.02931034482758621 -0.005172413793103445 0.015832055563102063
  vertex 0.02931034482758621 -0.0031034482758620675 0.016070593376180747
 endloop
endfacet
facet normal 0.2565474109743442 -0.10469314800111375 0.9608448213337978
 outer loop
  vertex 0.02586206896551725 -0.005172413793103445 0.016765856249852714
  vertex 0.02931034482758621 -0.0031034482758620675 0.016070593376180747
  vertex 0.02586206896551725 -0.0031034482758620675 0.016991289647937818
 endloop
endfacet
facet normal 0.3070897779448976 -0.11705113562793987 0.9444548162458398
 outer loop
  vertex 0.02931034482758621 -0.005172413793103445 0.015832055563102063
  vertex 0.03275862068965518 -0.005172413793103445 0.014710847591518302
  vertex 0.03275862068965518 -0.0031034482758620675 0.014967265113248758
 endloop
endfacet
facet normal 0.30292478734985884 -0.10915309421715791 0.9467429298557571
 outer loop
  vertex 0.02931034482758621 -0.005172413793103445 0.015832055563102063
  vertex 0.03275862068965518 -0.0031034482758620675 0.014967265113248758
  vertex 0.02931034482758621 -0.0031034482758620675 0.016070593376180747
 endloop
endfacet
facet normal 0.3629911848366537 -0.1258105538276901 0.9232600415248415
 outer loop
  vertex 0.03275862068965518 -0.005172413793103445 0.014710847591518302
  vertex 0.03620689655172414 -0.005172413793103445 0.013355114986922129
  vertex 0.03620689655172414 -0.0031034482758620675 0.013637048229851853
 endloop
endfacet
facet normal 0.35752935491337234 -0.11486446593413804 0.9268111538176982
 outer loop
  vertex 0.03275862068965518 -0.005172413793103445 0.014710847591518302
  vertex 0.03620689655172414 -0.0031034482758620675 0.013637048229851853
  vertex 0.03275862068965518 -0.0031034482758620675 0.014967265113248758
 endloop
endfacet
facet normal 0.43201862529577345 -0.13837758864180114 0.8911854747241063
 outer loop
  vertex 0.03620689655172414 -0.005172413793103445 0.013355114986922129
  vertex 0.03965517241379311 -0.005172413793103445 0.0116834995490327
  vertex 0.03965517241379311 -0.0031034482758620675 0.01200475530036497
 endloop
endfacet
facet normal 0.4246419163863065 -0.12224181743358951 0.8970708895724452
 outer loop
  vertex 0.03620689655172414 -0.005172413793103445 0.013355114986922129
  vertex 0.03965517241379311 -0.0031034482758620675 0.01200475530036497
  vertex 0.03620689655172414 -0.0031034482758620675 0.013637048229851853
 endloop
endfacet
facet normal 0.522804134721231 -0.1583700841881697 0.8376125316353719
 outer loop
  vertex 0.03965517241379311 -0.005172413793103445 0.0116834995490327
  vertex 0.04310344827586207 -0.005172413793103445 0.009531224111093277
  vertex 0.04310344827586207 -0.0031034482758620675 0.009922410048233212
 endloop
endfacet
facet normal 0.5124291611460795 -0.13175914272622932 0.848561066226335
 outer loop
  vertex 0.03965517241379311 -0.005172413793103445 0.0116834995490327
  vertex 0.04310344827586207 -0.0031034482758620675 0.009922410048233212
  vertex 0.03965517241379311 -0.0031034482758620675 0.01200475530036497
 endloop
endfacet
facet normal 0.6549328270282367 -0.19958749803508868 0.7288537732006984
 outer loop
  vertex 0.04310344827586207 -0.005172413793103445 0.009531224111093277
  vertex 0.046551724137931044 -0.005172413793103445 0.00643267520902676
  vertex 0.046551724137931044 -0.0031034482758620675 0.006999235562132556
 endloop
endfacet
facet normal 0.6400163083499046 -0.14274742553409972 0.7549849651148997
 outer loop
  vertex 0.04310344827586207 -0.005172413793103445 0.009531224111093277
  vertex 0.046551724137931044 -0.0031034482758620675 0.006999235562132556
  vertex 0.04310344827586207 -0.0031034482758620675 0.009922410048233212
 endloop
endfacet
facet normal -0.6450590451592082 -0.06984957263422616 0.7609335486500162
 outer loop
  vertex -0.04655172413793104 -0.0031034482758620675 0.006999235562132566
  vertex -0.04310344827586207 -0.0031034482758620675 0.009922410048233212
  vertex -0.04310344827586207 -0.0010344827586206869 0.010112329861113916
 endloop
endfacet
facet normal -0.6334638369535095 -0.09893648735397811 0.7674210961018687
 outer loop
  vertex -0.04655172413793104 -0.0031034482758620675 0.006999235562132566
  vertex -0.04310344827586207 -0.0010344827586206869 0.010112329861113916
  vertex -0.04655172413793104 -0.0010344827586206869 0.0072659681054156825
 endloop
endfacet
facet normal -0.5158425888393018 -0.06500476996953006 0.8542135584388576
 outer loop
  vertex -0.04310344827586207 -0.0031034482758620675 0.009922410048233212
  vertex -0.039655172413793106 -0.0031034482758620675 0.012004755300364971
  vertex -0.039655172413793106 -0.0010344827586206869 0.012162201440378204
 endloop
endfacet
facet normal -0.5094083264800217 -0.07866080898563838 0.8569221866905703
 outer loop
  vertex -0.04310344827586207 -0.0031034482758620675 0.009922410048233212
  vertex -0.039655172413793106 -0.0010344827586206869 0.012162201440378204
  vertex -0.04310344827586207 -0.0010344827586206869 0.010112329861113916
 endloop
endfacet
facet normal -0.4270662250280604 -0.060526405741718706 0.9021923263075733
 outer loop
  vertex -0.039655172413793106 -0.0031034482758620675 0.012004755300364971
  vertex -0.03620689655172414 -0.0031034482758620675 0.013637048229851853
  vertex -0.03620689655172414 -0.0010344827586206869 0.013775851279612537
 endloop
endfacet
facet normal -0.4228427937187489 -0.068762301135313 0.90359045908127
 outer loop
  vertex -0.039655172413793106 -0.0031034482758620675 0.012004755300364971
  vertex -0.03620689655172414 -0.0010344827586206869 0.013775851279612537
  vertex -0.039655172413793106 -0.0010344827586206869 0.012162201440378204
 endloop
endfacet
facet normal -0.3593266919847627 -0.05698555826657266 0.9314703294127702
 outer loop
  vertex -0.03620689655172414 -0.0031034482758620675 0.013637048229851853
  vertex -0.03275862068965517 -0.0031034482758620675 0.014967265113248765
  vertex -0.03275862068965517 -0.0010344827586206869 0.015093840433268477
 endloop
endfacet
facet normal -0.3563275765883574 -0.06254395721834194 0.9322654726944137
 outer loop
  vertex -0.03620689655172414 -0.0031034482758620675 0.013637048229851853
  vertex -0.03275862068965517 -0.0010344827586206869 0.015093840433268477
  vertex -0.03620689655172414 -0.0010344827586206869 0.013775851279612537
 endloop
endfacet
facet normal -0.30429741422936674 -0.0542180005032762 0.951032855433895
 outer loop
  vertex -0.03275862068965517 -0.0031034482758620675 0.014967265113248765
  vertex -0.029310344827586206 -0.0031034482758620675 0.01607059337618075
  vertex -0.029310344827586206 -0.0010344827586206869 0.01618854426800759
 endloop
endfacet
facet normal -0.30206932324360547 -0.05821136281243469 0.9515069948217245
 outer loop
  vertex -0.03275862068965517 -0.0031034482758620675 0.014967265113248765
  vertex -0.029310344827586206 -0.0010344827586206869 0.01618854426800759
  vertex -0.03275862068965517 -0.0010344827586206869 0.015093840433268477
 endloop
endfacet
facet normal -0.25761543131428327 -0.052044872592224366 0.9648448687667955
 outer loop
  vertex -0.029310344827586206 -0.0031034482758620675 0.01607059337618075
  vertex -0.02586206896551724 -0.0031034482758620675 0.01699128964793782
  vertex -0.02586206896551724 -0.0010344827586206869 0.017102892093292753
 endloop
endfacet
facet normal -0.25591526770135187 -0.05502179298865264 0.9651321039389682
 outer loop
  vertex -0.029310344827586206 -0.0031034482758620675 0.01607059337618075
  vertex -0.02586206896551724 -0.0010344827586206869 0.017102892093292753
  vertex -0.029310344827586206 -0.0010344827586206869 0.01618854426800759
 endloop
endfacet
facet normal -0.21671221850240155 -0.050333180929208236 0.9749371186129467
 outer loop
  vertex -0.02586206896551724 -0.0031034482758620675 0.01699128964793782
  vertex -0.022413793103448276 -0.0031034482758620675 0.017757783709770665
  vertex -0.022413793103448276 -0.0010344827586206869 0.017864598409639474
 endloop
endfacet
facet normal -0.21539655612075864 -0.052598536269205555 0.9751090798437135
 outer loop
  vertex -0.02586206896551724 -0.0031034482758620675 0.01699128964793782
  vertex -0.022413793103448276 -0.0010344827586206869 0.017864598409639474
  vertex -0.02586206896551724 -0.0010344827586206869 0.017102892093292753
 endloop
endfacet
facet normal -0.17994599877213194 -0.048989212377967654 0.9824558486753928
 outer loop
  vertex -0.022413793103448276 -0.0031034482758620675 0.017757783709770665
  vertex -0.01896551724137931 -0.0031034482758620675 0.018389367759963287
  vertex -0.01896551724137931 -0.0010344827586206869 0.018492534727988858
 endloop
endfacet
facet normal -0.17892463005246906 -0.050726430105816185 0.9825542255007134
 outer loop
  vertex -0.022413793103448276 -0.0031034482758620675 0.017757783709770665
  vertex -0.01896551724137931 -0.0010344827586206869 0.018492534727988858
  vertex -0.022413793103448276 -0.0010344827586206869 0.017864598409639474
 endloop
endfacet
facet normal -0.14619741144494167 -0.04794733978439958 0.9880927939694721
 outer loop
  vertex -0.01896551724137931 -0.0031034482758620675 0.018389367759963287
  vertex -0.015517241379310341 -0.0031034482758620675 0.018899571870406515
  vertex -0.015517241379310341 -0.0010344827586206869 0.018999968708904705
 endloop
endfacet
facet normal -0.14541111737341303 -0.04927282714212948 0.9881436107416964
 outer loop
  vertex -0.01896551724137931 -0.0031034482758620675 0.018389367759963287
  vertex -0.015517241379310341 -0.0010344827586206869 0.018999968708904705
  vertex -0.01896551724137931 -0.0010344827586206869 0.018492534727988858
 endloop
endfacet
facet normal -0.11466006964228137 -0.04716165645450363 0.9922846600598513
 outer loop
  vertex -0.015517241379310341 -0.0031034482758620675 0.018899571870406515
  vertex -0.012068965517241376 -0.0031034482758620675 0.019298025627080308
  vertex -0.012068965517241376 -0.0010344827586206869 0.019396360152310665
 endloop
endfacet
facet normal -0.11406897815354444 -0.04815174901747456 0.9923052339323644
 outer loop
  vertex -0.015517241379310341 -0.0031034482758620675 0.018899571870406515
  vertex -0.012068965517241376 -0.0010344827586206869 0.019396360152310665
  vertex -0.015517241379310341 -0.0010344827586206869 0.018999968708904705
 endloop
endfacet
facet normal -0.08472279358526143 -0.04660042209663148 0.9953142463099405
 outer loop
  vertex -0.012068965517241376 -0.0031034482758620675 0.019298025627080308
  vertex -0.00862068965517241 -0.0031034482758620675 0.019591548567367986
  vertex -0.00862068965517241 -0.0010344827586206869 0.01968841713602786
 endloop
endfacet
facet normal -0.0842998813815605 -0.0473057729301339 0.9953168811220562
 outer loop
  vertex -0.012068965517241376 -0.0031034482758620675 0.019298025627080308
  vertex -0.00862068965517241 -0.0010344827586206869 0.01968841713602786
  vertex -0.012068965517241376 -0.0010344827586206869 0.019396360152310665
 endloop
endfacet
facet normal -0.055898549862784176 -0.046242508398558355 0.997365019709558
 outer loop
  vertex -0.00862068965517241 -0.0031034482758620675 0.019591548567367986
  vertex -0.005172413793103445 -0.0031034482758620675 0.01978481143142214
  vertex -0.005172413793103445 -0.0010344827586206869 0.019880738352275273
 endloop
endfacet
facet normal -0.05562586299669587 -0.04669616310062667 0.9973591287583187
 outer loop
  vertex -0.00862068965517241 -0.0031034482758620675 0.019591548567367986
  vertex -0.005172413793103445 -0.0010344827586206869 0.019880738352275273
  vertex -0.00862068965517241 -0.0010344827586206869 0.01968841713602786
 endloop
endfacet
facet normal -0.027778516120074297 -0.0460752059568776 0.9985516658832422
 outer loop
  vertex -0.005172413793103445 -0.0031034482758620675 0.01978481143142214
  vertex -0.0017241379310344793 -0.0031034482758620675 0.019880738352275273
  vertex -0.0017241379310344793 -0.0010344827586206869 0.019976204631669294
 endloop
endfacet
facet normal -0.027644941901984715 -0.046297222618887704 0.9985451038210608
 outer loop
  vertex -0.005172413793103445 -0.0031034482758620675 0.01978481143142214
  vertex -0.0017241379310344793 -0.0010344827586206869 0.019976204631669294
  vertex -0.005172413793103445 -0.0010344827586206869 0.019880738352275273
 endloop
endfacet
facet normal 0.0 -0.046092993124803465 0.9989371531707071
 outer loop
  vertex -0.0017241379310344793 -0.0031034482758620675 0.019880738352275273
  vertex 0.0017241379310344862 -0.0031034482758620675 0.019880738352275273
  vertex 0.0017241379310344862 -0.0010344827586206869 0.019976204631669294
 endloop
endfacet
facet normal 0.0 -0.046092993124803465 0.9989371531707071
 outer loop
  vertex -0.0017241379310344793 -0.0031034482758620675 0.019880738352275273
  vertex 0.0017241379310344862 -0.0010344827586206869 0.019976204631669294
  vertex -0.0017241379310344793 -0.0010344827586206869 0.019976204631669294
 endloop
endfacet
facet normal 0.027778230889246996 -0.0462970514820783 0.9985414127179351
 outer loop
  vertex 0.0017241379310344862 -0.0031034482758620675 0.019880738352275273
  vertex 0.005172413793103452 -0.0031034482758620675 0.01978481143142214
  vertex 0.005172413793103452 -0.0010344827586206869 0.019880738352275273
 endloop
endfacet
facet normal 0.027645225766280358 -0.0460753762771339 0.9985553571000717
 outer loop
  vertex 0.0017241379310344862 -0.0031034482758620675 0.019880738352275273
  vertex 0.005172413793103452 -0.0010344827586206869 0.019880738352275273
  vertex 0.0017241379310344862 -0.0010344827586206869 0.019976204631669294
 endloop
endfacet
facet normal 0.0558973707809927 -0.0466954539344204 0.9973439820451271
 outer loop
  vertex 0.005172413793103452 -0.0031034482758620675 0.01978481143142214
  vertex 0.008620689655172417 -0.0031034482758620675 0.019591548567367986
  vertex 0.008620689655172417 -0.0010344827586206869 0.01968841713602786
 endloop
endfacet
facet normal 0.055627036387027394 -0.04624321071548666 0.9973801673812847
 outer loop
  vertex 0.005172413793103452 -0.0031034482758620675 0.01978481143142214
  vertex 0.008620689655172417 -0.0010344827586206869 0.01968841713602786
  vertex 0.005172413793103452 -0.0010344827586206869 0.019880738352275273
 endloop
endfacet
facet normal 0.08471998834257748 -0.047304081372218997 0.9952812906212817
 outer loop
  vertex 0.008620689655172417 -0.0031034482758620675 0.019591548567367986
  vertex 0.012068965517241383 -0.0031034482758620675 0.019298025627080308
  vertex 0.012068965517241383 -0.0010344827586206869 0.019396360152310665
 endloop
endfacet
facet normal 0.08430267291333571 -0.04660208860258965 0.9953498403463696
 outer loop
  vertex 0.008620689655172417 -0.0031034482758620675 0.019591548567367986
  vertex 0.012068965517241383 -0.0010344827586206869 0.019396360152310665
  vertex 0.008620689655172417 -0.0010344827586206869 0.01968841713602786
 endloop
endfacet
facet normal 0.11465466535286427 -0.04814848117126114 0.9922378905654244
 outer loop
  vertex 0.012068965517241383 -0.0031034482758620675 0.019298025627080308
  vertex 0.015517241379310348 -0.0031034482758620675 0.01889957187040651
  vertex 0.015517241379310348 -0.0010344827586206869 0.018999968708904705
 endloop
endfacet
facet normal 0.11407435556629227 -0.04716485762653102 0.9923520129506486
 outer loop
  vertex 0.012068965517241383 -0.0031034482758620675 0.019298025627080308
  vertex 0.015517241379310348 -0.0010344827586206869 0.018999968708904705
  vertex 0.012068965517241383 -0.0010344827586206869 0.019396360152310665
 endloop
endfacet
facet normal 0.1461880108054835 -0.04926712508382107 0.9880292586167229
 outer loop
  vertex 0.015517241379310348 -0.0031034482758620675 0.01889957187040651
  vertex 0.01896551724137932 -0.0031034482758620675 0.018389367759963283
  vertex 0.01896551724137932 -0.0010344827586206869 0.018492534727988858
 endloop
endfacet
facet normal 0.14542047021942023 -0.04795288980778686 0.9882071681587039
 outer loop
  vertex 0.015517241379310348 -0.0031034482758620675 0.01889957187040651
  vertex 0.01896551724137932 -0.0010344827586206869 0.018492534727988858
  vertex 0.015517241379310348 -0.0010344827586206869 0.018999968708904705
 endloop
endfacet
facet normal 0.17993046131969337 -0.050716971655785974 0.9823710184422932
 outer loop
  vertex 0.01896551724137932 -0.0031034482758620675 0.018389367759963283
  vertex 0.02241379310344828 -0.0031034482758620675 0.017757783709770665
  vertex 0.02241379310344828 -0.0010344827586206869 0.017864598409639474
 endloop
endfacet
facet normal 0.17894008641301729 -0.0489983501883114 0.9826391032079507
 outer loop
  vertex 0.01896551724137932 -0.0031034482758620675 0.018389367759963283
  vertex 0.02241379310344828 -0.0010344827586206869 0.017864598409639474
  vertex 0.01896551724137932 -0.0010344827586206869 0.018492534727988858
 endloop
endfacet
facet normal 0.21668706246303465 -0.05258315589517967 0.9748239475296266
 outer loop
  vertex 0.02241379310344828 -0.0031034482758620675 0.017757783709770665
  vertex 0.02586206896551725 -0.0031034482758620675 0.016991289647937818
  vertex 0.02586206896551725 -0.0010344827586206869 0.01710289209329275
 endloop
endfacet
facet normal 0.21542157697339065 -0.05034790661410283 0.9752223502739644
 outer loop
  vertex 0.02241379310344828 -0.0031034482758620675 0.017757783709770665
  vertex 0.02586206896551725 -0.0010344827586206869 0.01710289209329275
  vertex 0.02241379310344828 -0.0010344827586206869 0.017864598409639474
 endloop
endfacet
facet normal 0.25757461834292056 -0.054996703541052155 0.9646920122946578
 outer loop
  vertex 0.02586206896551725 -0.0031034482758620675 0.016991289647937818
  vertex 0.02931034482758621 -0.0031034482758620675 0.016070593376180747
  vertex 0.02931034482758621 -0.0010344827586206869 0.016188544268007588
 endloop
endfacet
facet normal 0.2559558547618801 -0.05206862294705123 0.9652851697387218
 outer loop
  vertex 0.02586206896551725 -0.0031034482758620675 0.016991289647937818
  vertex 0.02931034482758621 -0.0010344827586206869 0.016188544268007588
  vertex 0.02586206896551725 -0.0010344827586206869 0.01710289209329275
 endloop
endfacet
facet normal 0.30422964018174076 -0.05816939732749258 0.9508210384974898
 outer loop
  vertex 0.02931034482758621 -0.0031034482758620675 0.016070593376180747
  vertex 0.03275862068965518 -0.0031034482758620675 0.014967265113248758
  vertex 0.03275862068965518 -0.0010344827586206869 0.01509384043326847
 endloop
endfacet
facet normal 0.30213671319405166 -0.054257132757375 0.9517192706282899
 outer loop
  vertex 0.02931034482758621 -0.0031034482758620675 0.016070593376180747
  vertex 0.03275862068965518 -0.0010344827586206869 0.01509384043326847
  vertex 0.02931034482758621 -0.0010344827586206869 0.016188544268007588
 endloop
endfacet
facet normal 0.35920858156482 -0.062470071915494876 0.9311641557991067
 outer loop
  vertex 0.03275862068965518 -0.0031034482758620675 0.014967265113248758
  vertex 0.03620689655172414 -0.0031034482758620675 0.013637048229851853
  vertex 0.03620689655172414 -0.0010344827586206869 0.013775851279612537
 endloop
endfacet
facet normal 0.3564450171586716 -0.057053001272356726 0.9325727343154371
 outer loop
  vertex 0.03275862068965518 -0.0031034482758620675 0.014967265113248758
  vertex 0.03620689655172414 -0.0010344827586206869 0.013775851279612537
  vertex 0.03275862068965518 -0.0010344827586206869 0.01509384043326847
 endloop
endfacet
facet normal 0.4268421517059473 -0.06861988225990993 0.9017189635832626
 outer loop
  vertex 0.03620689655172414 -0.0031034482758620675 0.013637048229851853
  vertex 0.03965517241379311 -0.0031034482758620675 0.01200475530036497
  vertex 0.03965517241379311 -0.0010344827586206869 0.012162201440378202
 endloop
endfacet
facet normal 0.4230656906422121 -0.06065215914306047 0.9040667768437864
 outer loop
  vertex 0.03620689655172414 -0.0031034482758620675 0.013637048229851853
  vertex 0.03965517241379311 -0.0010344827586206869 0.012162201440378202
  vertex 0.03620689655172414 -0.0010344827586206869 0.013775851279612537
 endloop
endfacet
facet normal 0.5153473593299103 -0.07833689278335257 0.8533934792701064
 outer loop
  vertex 0.03965517241379311 -0.0031034482758620675 0.01200475530036497
  vertex 0.04310344827586207 -0.0031034482758620675 0.009922410048233212
  vertex 0.04310344827586207 -0.0010344827586206869 0.010112329861113916
 endloop
endfacet
facet normal 0.509901911332735 -0.06527407906655479 0.857752490769474
 outer loop
  vertex 0.03965517241379311 -0.0031034482758620675 0.01200475530036497
  vertex 0.04310344827586207 -0.0010344827586206869 0.010112329861113916
  vertex 0.03965517241379311 -0.0010344827586206869 0.012162201440378202
 endloop
endfacet
facet normal 0.6435341736443104 -0.09786820666021886 0.7591347584434844
 outer loop
  vertex 0.04310344827586207 -0.0031034482758620675 0.009922410048233212
  vertex 0.046551724137931044 -0.0031034482758620675 0.006999235562132556
  vertex 0.046551724137931044 -0.0010344827586206869 0.007265968105415674
 endloop
endfacet
facet normal 0.6349979137065059 -0.07061569312084448 0.7692795808244539
 outer loop
  vertex 0.04310344827586207 -0.0031034482758620675 0.009922410048233212
  vertex 0.046551724137931044 -0.0010344827586206869 0.007265968105415674
  vertex 0.04310344827586207 -0.0010344827586206869 0.010112329861113916
 endloop
endfacet
facet normal -0.6365870923172982 0.0 0.7712048196782795
 outer loop
  vertex -0.04655172413793104 -0.0010344827586206869 0.0072659681054156825
  vertex -0.04310344827586207 -0.0010344827586206869 0.010112329861113916
  vertex -0.04310344827586207 0.0010344827586206903 0.010112329861113916
 endloop
endfacet
facet normal -0.6365870923172982 0.0 0.7712048196782795
 outer loop
  vertex -0.04655172413793104 -0.0010344827586206869 0.0072659681054156825
  vertex -0.04310344827586207 0.0010344827586206903 0.010112329861113916
  vertex -0.04655172413793104 0.0010344827586206903 0.0072659681054156825
 endloop
endfacet
facet normal -0.5109916658269835 0.0 0.8595856661528067
 outer loop
  vertex -0.04310344827586207 -0.0010344827586206869 0.010112329861113916
  vertex -0.039655172413793106 -0.0010344827586206869 0.012162201440378204
  vertex -0.039655172413793106 0.0010344827586206903 0.012162201440378204
 endloop
endfacet
facet normal -0.5109916658269835 0.0 0.8595856661528067
 outer loop
  vertex -0.04310344827586207 -0.0010344827586206869 0.010112329861113916
  vertex -0.039655172413793106 0.0010344827586206903 0.012162201440378204
  vertex -0.04310344827586207 0.0010344827586206903 0.010112329861113916
 endloop
endfacet
facet normal -0.4238460067860548 0.0 0.9057342670626499
 outer loop
  vertex -0.039655172413793106 -0.0010344827586206869 0.012162201440378204
  vertex -0.03620689655172414 -0.0010344827586206869 0.013775851279612537
  vertex -0.03620689655172414 0.0010344827586206903 0.013775851279612537
 endloop
endfacet
facet normal -0.4238460067860548 0.0 0.9057342670626499
 outer loop
  vertex -0.039655172413793106 -0.0010344827586206869 0.012162201440378204
  vertex -0.03620689655172414 0.0010344827586206903 0.013775851279612537
  vertex -0.039655172413793106 0.0010344827586206903 0.012162201440378204
 endloop
endfacet
facet normal -0.3570265595315997 0.0 0.9340942328207733
 outer loop
  vertex -0.03620689655172414 -0.0010344827586206869 0.013775851279612537
  vertex -0.03275862068965517 -0.0010344827586206869 0.015093840433268477
  vertex -0.03275862068965517 0.0010344827586206903 0.015093840433268477
 endloop
endfacet
facet normal -0.3570265595315997 0.0 0.9340942328207733
 outer loop
  vertex -0.03620689655172414 -0.0010344827586206869 0.013775851279612537
  vertex -0.03275862068965517 0.0010344827586206903 0.015093840433268477
  vertex -0.03620689655172414 0.0010344827586206903 0.013775851279612537
 endloop
endfacet
facet normal -0.3025824180327867 0.0 0.9531232240888015
 outer loop
  vertex -0.03275862068965517 -0.0010344827586206869 0.015093840433268477
  vertex -0.029310344827586206 -0.0010344827586206869 0.01618854426800759
  vertex -0.029310344827586206 0.0010344827586206903 0.01618854426800759
 endloop
endfacet
facet normal -0.3025824180327867 0.0 0.9531232240888015
 outer loop
  vertex -0.03275862068965517 -0.0010344827586206869 0.015093840433268477
  vertex -0.029310344827586206 0.0010344827586206903 0.01618854426800759
  vertex -0.03275862068965517 0.0010344827586206903 0.015093840433268477
 endloop
endfacet
facet normal -0.25630352813504054 0.0 0.9665963487751909
 outer loop
  vertex -0.029310344827586206 -0.0010344827586206869 0.01618854426800759
  vertex -0.02586206896551724 -0.0010344827586206869 0.017102892093292753
  vertex -0.02586206896551724 0.0010344827586206903 0.017102892093292753
 endloop
endfacet
facet normal -0.25630352813504054 0.0 0.9665963487751909
 outer loop
  vertex -0.029310344827586206 -0.0010344827586206869 0.01618854426800759
  vertex -0.02586206896551724 0.0010344827586206903 0.017102892093292753
  vertex -0.029310344827586206 0.0010344827586206903 0.01618854426800759
 endloop
endfacet
facet normal -0.2156951345045298 0.0 0.9764607564828568
 outer loop
  vertex -0.02586206896551724 -0.0010344827586206869 0.017102892093292753
  vertex -0.022413793103448276 -0.0010344827586206869 0.017864598409639474
  vertex -0.022413793103448276 0.0010344827586206903 0.017864598409639474
 endloop
endfacet
facet normal -0.2156951345045298 0.0 0.9764607564828568
 outer loop
  vertex -0.02586206896551724 -0.0010344827586206869 0.017102892093292753
  vertex -0.022413793103448276 0.0010344827586206903 0.017864598409639474
  vertex -0.02586206896551724 0.0010344827586206903 0.017102892093292753
 endloop
endfacet
facet normal -0.17915527707745552 0.0 0.9838208102572846
 outer loop
  vertex -0.022413793103448276 -0.0010344827586206869 0.017864598409639474
  vertex -0.01896551724137931 -0.0010344827586206869 0.018492534727988858
  vertex -0.01896551724137931 0.0010344827586206903 0.018492534727988858
 endloop
endfacet
facet normal -0.17915527707745552 0.0 0.9838208102572846
 outer loop
  vertex -0.022413793103448276 -0.0010344827586206869 0.017864598409639474
  vertex -0.01896551724137931 0.0010344827586206903 0.018492534727988858
  vertex -0.022413793103448276 0.0010344827586206903 0.017864598409639474
 endloop
endfacet
facet normal -0.14558795482573658 0.0 0.9893453125222049
 outer loop
  vertex -0.01896551724137931 -0.0010344827586206869 0.018492534727988858
  vertex -0.015517241379310341 -0.0010344827586206869 0.018999968708904705
  vertex -0.015517241379310341 0.0010344827586206903 0.018999968708904705
 endloop
endfacet
facet normal -0.14558795482573658 0.0 0.9893453125222049
 outer loop
  vertex -0.01896551724137931 -0.0010344827586206869 0.018492534727988858
  vertex -0.015517241379310341 0.0010344827586206903 0.018999968708904705
  vertex -0.01896551724137931 0.0010344827586206903 0.018492534727988858
 endloop
endfacet
facet normal -0.11420144820526745 0.0 0.9934576132013986
 outer loop
  vertex -0.015517241379310341 -0.0010344827586206869 0.018999968708904705
  vertex -0.012068965517241376 -0.0010344827586206869 0.019396360152310665
  vertex -0.012068965517241376 0.0010344827586206903 0.019396360152310665
 endloop
endfacet
facet normal -0.11420144820526745 0.0 0.9934576132013986
 outer loop
  vertex -0.015517241379310341 -0.0010344827586206869 0.018999968708904705
  vertex -0.012068965517241376 0.0010344827586206903 0.019396360152310665
  vertex -0.015517241379310341 0.0010344827586206903 0.018999968708904705
 endloop
endfacet
facet normal -0.0843943646508275 0.0 0.9964324318362903
 outer loop
  vertex -0.012068965517241376 -0.0010344827586206869 0.019396360152310665
  vertex -0.00862068965517241 -0.0010344827586206869 0.01968841713602786
  vertex -0.00862068965517241 0.0010344827586206903 0.01968841713602786
 endloop
endfacet
facet normal -0.0843943646508275 0.0 0.9964324318362903
 outer loop
  vertex -0.012068965517241376 -0.0010344827586206869 0.019396360152310665
  vertex -0.00862068965517241 0.0010344827586206903 0.01968841713602786
  vertex -0.012068965517241376 0.0010344827586206903 0.019396360152310665
 endloop
endfacet
facet normal -0.05568660933661981 0.0 0.9984482968790075
 outer loop
  vertex -0.00862068965517241 -0.0010344827586206869 0.01968841713602786
  vertex -0.005172413793103445 -0.0010344827586206869 0.019880738352275273
  vertex -0.005172413793103445 0.0010344827586206903 0.019880738352275273
 endloop
endfacet
facet normal -0.05568660933661981 0.0 0.9984482968790075
 outer loop
  vertex -0.00862068965517241 -0.0010344827586206869 0.01968841713602786
  vertex -0.005172413793103445 0.0010344827586206903 0.019880738352275273
  vertex -0.00862068965517241 0.0010344827586206903 0.01968841713602786
 endloop
endfacet
facet normal -0.02767461715361678 0.0 0.9996169844322379
 outer loop
  vertex -0.005172413793103445 -0.0010344827586206869 0.019880738352275273
  vertex -0.0017241379310344793 -0.0010344827586206869 0.019976204631669294
  vertex -0.0017241379310344793 0.0010344827586206903 0.019976204631669294
 endloop
endfacet
facet normal -0.02767461715361678 0.0 0.9996169844322379
 outer loop
  vertex -0.005172413793103445 -0.0010344827586206869 0.019880738352275273
  vertex -0.0017241379310344793 0.0010344827586206903 0.019976204631669294
  vertex -0.005172413793103445 0.0010344827586206903 0.019880738352275273
 endloop
endfacet
facet normal 0.0 0.0 1.0
 outer loop
  vertex -0.0017241379310344793 -0.0010344827586206869 0.019976204631669294
  vertex 0.0017241379310344862 -0.0010344827586206869 0.019976204631669294
  vertex 0.0017241379310344862 0.0010344827586206903 0.019976204631669294
 endloop
endfacet
facet normal 0.0 0.0 1.0
 outer loop
  vertex -0.0017241379310344793 -0.0010344827586206869 0.019976204631669294
  vertex 0.0017241379310344862 0.0010344827586206903 0.019976204631669294
  vertex -0.0017241379310344793 0.0010344827586206903 0.019976204631669294
 endloop
endfacet
facet normal 0.02767461715361678 0.0 0.9996169844322379
 outer loop
  vertex 0.0017241379310344862 -0.0010344827586206869 0.019976204631669294
  vertex 0.005172413793103452 -0.0010344827586206869 0.019880738352275273
  vertex 0.005172413793103452 0.0010344827586206903 0.019880738352275273
 endloop
endfacet
facet normal 0.02767461715361678 -0.0 0.9996169844322379
 outer loop
  vertex 0.0017241379310344862 -0.0010344827586206869 0.019976204631669294
  vertex 0.005172413793103452 0.0010344827586206903 0.019880738352275273
  vertex 0.0017241379310344862 0.0010344827586206903 0.019976204631669294
 endloop
endfacet
facet normal 0.05568660933661981 0.0 0.9984482968790075
 outer loop
  vertex 0.005172413793103452 -0.0010344827586206869 0.019880738352275273
  vertex 0.008620689655172417 -0.0010344827586206869 0.01968841713602786
  vertex 0.008620689655172417 0.0010344827586206903 0.01968841713602786
 endloop
endfacet
facet normal 0.05568660933661981 -0.0 0.9984482968790075
 outer loop
  vertex 0.005172413793103452 -0.0010344827586206869 0.019880738352275273
  vertex 0.008620689655172417 0.0010344827586206903 0.01968841713602786
  vertex 0.005172413793103452 0.0010344827586206903 0.019880738352275273
 endloop
endfacet
facet normal 0.0843943646508275 0.0 0.9964324318362903
 outer loop
  vertex 0.008620689655172417 -0.0010344827586206869 0.01968841713602786
  vertex 0.012068965517241383 -0.0010344827586206869 0.019396360152310665
  vertex 0.012068965517241383 0.0010344827586206903 0.019396360152310665
 endloop
endfacet
facet normal 0.0843943646508275 -0.0 0.9964324318362903
 outer loop
  vertex 0.008620689655172417 -0.0010344827586206869 0.01968841713602786
  vertex 0.012068965517241383 0.0010344827586206903 0.019396360152310665
  vertex 0.008620689655172417 0.0010344827586206903 0.01968841713602786
 endloop
endfacet
facet normal 0.11420144820526745 0.0 0.9934576132013986
 outer loop
  vertex 0.012068965517241383 -0.0010344827586206869 0.019396360152310665
  vertex 0.015517241379310348 -0.0010344827586206869 0.018999968708904705
  vertex 0.015517241379310348 0.0010344827586206903 0.018999968708904705
 endloop
endfacet
facet normal 0.11420144820526745 -0.0 0.9934576132013986
 outer loop
  vertex 0.012068965517241383 -0.0010344827586206869 0.019396360152310665
  vertex 0.015517241379310348 0.0010344827586206903 0.018999968708904705
  vertex 0.012068965517241383 0.0010344827586206903 0.019396360152310665
 endloop
endfacet
facet normal 0.14558795482573644 0.0 0.9893453125222049
 outer loop
  vertex 0.015517241379310348 -0.0010344827586206869 0.018999968708904705
  vertex 0.01896551724137932 -0.0010344827586206869 0.018492534727988858
  vertex 0.01896551724137932 0.0010344827586206903 0.018492534727988858
 endloop
endfacet
facet normal 0.14558795482573644 -0.0 0.9893453125222049
 outer loop
  vertex 0.015517241379310348 -0.0010344827586206869 0.018999968708904705
  vertex 0.01896551724137932 0.0010344827586206903 0.018492534727988858
  vertex 0.015517241379310348 0.0010344827586206903 0.018999968708904705
 endloop
endfacet
facet normal 0.17915527707745588 0.0 0.9838208102572846
 outer loop
  vertex 0.01896551724137932 -0.0010344827586206869 0.018492534727988858
  vertex 0.02241379310344828 -0.0010344827586206869 0.017864598409639474
  vertex 0.02241379310344828 0.0010344827586206903 0.017864598409639474
 endloop
endfacet
facet normal 0.17915527707745588 -0.0 0.9838208102572846
 outer loop
  vertex 0.01896551724137932 -0.0010344827586206869 0.018492534727988858
  vertex 0.02241379310344828 0.0010344827586206903 0.017864598409639474
  vertex 0.01896551724137932 0.0010344827586206903 0.018492534727988858
 endloop
endfacet
facet normal 0.2156951345045303 0.0 0.9764607564828566
 outer loop
  vertex 0.02241379310344828 -0.0010344827586206869 0.017864598409639474
  vertex 0.02586206896551725 -0.0010344827586206869 0.01710289209329275
  vertex 0.02586206896551725 0.0010344827586206903 0.01710289209329275
 endloop
endfacet
facet normal 0.2156951345045303 -0.0 0.9764607564828566
 outer loop
  vertex 0.02241379310344828 -0.0010344827586206869 0.017864598409639474
  vertex 0.02586206896551725 0.0010344827586206903 0.01710289209329275
  vertex 0.02241379310344828 0.0010344827586206903 0.017864598409639474
 endloop
endfacet
facet normal 0.256303528135041 0.0 0.9665963487751907
 outer loop
  vertex 0.02586206896551725 -0.0010344827586206869 0.01710289209329275
  vertex 0.02931034482758621 -0.0010344827586206869 0.016188544268007588
  vertex 0.02931034482758621 0.0010344827586206903 0.016188544268007588
 endloop
endfacet
facet normal 0.256303528135041 -0.0 0.9665963487751907
 outer loop
  vertex 0.02586206896551725 -0.0010344827586206869 0.01710289209329275
  vertex 0.02931034482758621 0.0010344827586206903 0.016188544268007588
  vertex 0.02586206896551725 0.0010344827586206903 0.01710289209329275
 endloop
endfacet
facet normal 0.30258241803278674 0.0 0.9531232240888017
 outer loop
  vertex 0.02931034482758621 -0.0010344827586206869 0.016188544268007588
  vertex 0.03275862068965518 -0.0010344827586206869 0.01509384043326847
  vertex 0.03275862068965518 0.0010344827586206903 0.01509384043326847
 endloop
endfacet
facet normal 0.30258241803278674 -0.0 0.9531232240888017
 outer loop
  vertex 0.02931034482758621 -0.0010344827586206869 0.016188544268007588
  vertex 0.03275862068965518 0.0010344827586206903 0.01509384043326847
  vertex 0.02931034482758621 0.0010344827586206903 0.016188544268007588
 endloop
endfacet
facet normal 0.3570265595315993 0.0 0.9340942328207734
 outer loop
  vertex 0.03275862068965518 -0.0010344827586206869 0.01509384043326847
  vertex 0.03620689655172414 -0.0010344827586206869 0.013775851279612537
  vertex 0.03620689655172414 0.0010344827586206903 0.013775851279612537
 endloop
endfacet
facet normal 0.3570265595315993 -0.0 0.9340942328207734
 outer loop
  vertex 0.03275862068965518 -0.0010344827586206869 0.01509384043326847
  vertex 0.03620689655172414 0.0010344827586206903 0.013775851279612537
  vertex 0.03275862068965518 0.0010344827586206903 0.01509384043326847
 endloop
endfacet
facet normal 0.4238460067860544 0.0 0.90573426706265
 outer loop
  vertex 0.03620689655172414 -0.0010344827586206869 0.013775851279612537
  vertex 0.03965517241379311 -0.0010344827586206869 0.012162201440378202
  vertex 0.03965517241379311 0.0010344827586206903 0.012162201440378202
 endloop
endfacet
facet normal 0.4238460067860544 -0.0 0.90573426706265
 outer loop
  vertex 0.03620689655172414 -0.0010344827586206869 0.013775851279612537
  vertex 0.03965517241379311 0.0010344827586206903 0.012162201440378202
  vertex 0.03620689655172414 0.0010344827586206903 0.013775851279612537
 endloop
endfacet
facet normal 0.510991665826984 0.0 0.8595856661528064
 outer loop
  vertex 0.03965517241379311 -0.0010344827586206869 0.012162201440378202
  vertex 0.04310344827586207 -0.0010344827586206869 0.010112329861113916
  vertex 0.04310344827586207 0.0010344827586206903 0.010112329861113916
 endloop
endfacet
facet normal 0.510991665826984 -0.0 0.8595856661528064
 outer loop
  vertex 0.03965517241379311 -0.0010344827586206869 0.012162201440378202
  vertex 0.04310344827586207 0.0010344827586206903 0.010112329861113916
  vertex 0.03965517241379311 0.0010344827586206903 0.012162201440378202
 endloop
endfacet
facet normal 0.6365870923172986 7.324951794991361e-16 0.7712048196782793
 outer loop
  vertex 0.04310344827586207 -0.0010344827586206869 0.010112329861113916
  vertex 0.046551724137931044 -0.0010344827586206869 0.007265968105415674
  vertex 0.046551724137931044 0.0010344827586206903 0.007265968105415672
 endloop
endfacet
facet normal 0.6365870923172988 -0.0 0.771204819678279
 outer loop
  vertex 0.04310344827586207 -0.0010344827586206869 0.010112329861113916
  vertex 0.046551724137931044 0.0010344827586206903 0.007265968105415672
  vertex 0.04310344827586207 0.0010344827586206903 0.010112329861113916
 endloop
endfacet
facet normal -0.6349979137065055 0.07061569312084454 0.7692795808244542
 outer loop
  vertex -0.04655172413793104 0.0010344827586206903 0.0072659681054156825
  vertex -0.04310344827586207 0.0010344827586206903 0.010112329861113916
  vertex -0.04310344827586207 0.003103448275862071 0.009922410048233212
 endloop
endfacet
facet normal -0.6435341736443101 0.09786820666021907 0.7591347584434845
 outer loop
  vertex -0.04655172413793104 0.0010344827586206903 0.0072659681054156825
  vertex -0.04310344827586207 0.003103448275862071 0.009922410048233212
  vertex -0.04655172413793104 0.003103448275862071 0.006999235562132564
 endloop
endfacet
facet normal -0.5099019113327347 0.06527407906655482 0.8577524907694744
 outer loop
  vertex -0.04310344827586207 0.0010344827586206903 0.010112329861113916
  vertex -0.039655172413793106 0.0010344827586206903 0.012162201440378204
  vertex -0.039655172413793106 0.003103448275862071 0.012004755300364971
 endloop
endfacet
facet normal -0.5153473593299098 0.07833689278335254 0.8533934792701068
 outer loop
  vertex -0.04310344827586207 0.0010344827586206903 0.010112329861113916
  vertex -0.039655172413793106 0.003103448275862071 0.012004755300364971
  vertex -0.04310344827586207 0.003103448275862071 0.009922410048233212
 endloop
endfacet
facet normal -0.4230656906422125 0.06065215914306048 0.9040667768437864
 outer loop
  vertex -0.039655172413793106 0.0010344827586206903 0.012162201440378204
  vertex -0.03620689655172414 0.0010344827586206903 0.013775851279612537
  vertex -0.03620689655172414 0.003103448275862071 0.013637048229851853
 endloop
endfacet
facet normal -0.4268421517059476 0.06861988225990982 0.9017189635832624
 outer loop
  vertex -0.039655172413793106 0.0010344827586206903 0.012162201440378204
  vertex -0.03620689655172414 0.003103448275862071 0.013637048229851853
  vertex -0.039655172413793106 0.003103448275862071 0.012004755300364971
 endloop
endfacet
facet normal -0.35644501715867194 0.05705300127235672 0.9325727343154369
 outer loop
  vertex -0.03620689655172414 0.0010344827586206903 0.013775851279612537
  vertex -0.03275862068965517 0.0010344827586206903 0.015093840433268477
  vertex -0.03275862068965517 0.003103448275862071 0.014967265113248765
 endloop
endfacet
facet normal -0.3592085815648204 0.062470071915494835 0.9311641557991066
 outer loop
  vertex -0.03620689655172414 0.0010344827586206903 0.013775851279612537
  vertex -0.03275862068965517 0.003103448275862071 0.014967265113248765
  vertex -0.03620689655172414 0.003103448275862071 0.013637048229851853
 endloop
endfacet
facet normal -0.3021367131940516 0.054257132757374954 0.9517192706282899
 outer loop
  vertex -0.03275862068965517 0.0010344827586206903 0.015093840433268477
  vertex -0.029310344827586206 0.0010344827586206903 0.01618854426800759
  vertex -0.029310344827586206 0.003103448275862071 0.01607059337618075
 endloop
endfacet
facet normal -0.30422964018174076 0.05816939732749257 0.9508210384974898
 outer loop
  vertex -0.03275862068965517 0.0010344827586206903 0.015093840433268477
  vertex -0.029310344827586206 0.003103448275862071 0.01607059337618075
  vertex -0.03275862068965517 0.003103448275862071 0.014967265113248765
 endloop
endfacet
facet normal -0.25595585476187965 0.05206862294705123 0.965285169738722
 outer loop
  vertex -0.029310344827586206 0.0010344827586206903 0.01618854426800759
  vertex -0.02586206896551724 0.0010344827586206903 0.017102892093292753
  vertex -0.02586206896551724 0.003103448275862071 0.01699128964793782
 endloop
endfacet
facet normal -0.25757461834292006 0.05499670354105221 0.964692012294658
 outer loop
  vertex -0.029310344827586206 0.0010344827586206903 0.01618854426800759
  vertex -0.02586206896551724 0.003103448275862071 0.01699128964793782
  vertex -0.029310344827586206 0.003103448275862071 0.01607059337618075
 endloop
endfacet
facet normal -0.21542157697339012 0.05034790661410285 0.9752223502739646
 outer loop
  vertex -0.02586206896551724 0.0010344827586206903 0.017102892093292753
  vertex -0.022413793103448276 0.0010344827586206903 0.017864598409639474
  vertex -0.022413793103448276 0.003103448275862071 0.017757783709770665
 endloop
endfacet
facet normal -0.2166870624630341 0.05258315589517968 0.9748239475296268
 outer loop
  vertex -0.02586206896551724 0.0010344827586206903 0.017102892093292753
  vertex -0.022413793103448276 0.003103448275862071 0.017757783709770665
  vertex -0.02586206896551724 0.003103448275862071 0.01699128964793782
 endloop
endfacet
facet normal -0.1789400864130169 0.04899835018830978 0.9826391032079508
 outer loop
  vertex -0.022413793103448276 0.0010344827586206903 0.017864598409639474
  vertex -0.01896551724137931 0.0010344827586206903 0.018492534727988858
  vertex -0.01896551724137931 0.003103448275862071 0.018389367759963287
 endloop
endfacet
facet normal -0.17993046131969398 0.050716971655786 0.9823710184422931
 outer loop
  vertex -0.022413793103448276 0.0010344827586206903 0.017864598409639474
  vertex -0.01896551724137931 0.003103448275862071 0.018389367759963287
  vertex -0.022413793103448276 0.003103448275862071 0.017757783709770665
 endloop
endfacet
facet normal -0.1454204702194204 0.0479528898077852 0.988207168158704
 outer loop
  vertex -0.01896551724137931 0.0010344827586206903 0.018492534727988858
  vertex -0.015517241379310341 0.0010344827586206903 0.018999968708904705
  vertex -0.015517241379310341 0.003103448275862071 0.018899571870406515
 endloop
endfacet
facet normal -0.14618801080548366 0.04926712508381943 0.988029258616723
 outer loop
  vertex -0.01896551724137931 0.0010344827586206903 0.018492534727988858
  vertex -0.015517241379310341 0.003103448275862071 0.018899571870406515
  vertex -0.01896551724137931 0.003103448275862071 0.018389367759963287
 endloop
endfacet
facet normal -0.11407435556629227 0.047164857626531 0.9923520129506486
 outer loop
  vertex -0.015517241379310341 0.0010344827586206903 0.018999968708904705
  vertex -0.012068965517241376 0.0010344827586206903 0.019396360152310665
  vertex -0.012068965517241376 0.003103448275862071 0.019298025627080308
 endloop
endfacet
facet normal -0.1146546653528633 0.04814848117125951 0.9922378905654247
 outer loop
  vertex -0.015517241379310341 0.0010344827586206903 0.018999968708904705
  vertex -0.012068965517241376 0.003103448275862071 0.019298025627080308
  vertex -0.015517241379310341 0.003103448275862071 0.018899571870406515
 endloop
endfacet
facet normal -0.08430267291333571 0.046602088602589645 0.9953498403463696
 outer loop
  vertex -0.012068965517241376 0.0010344827586206903 0.019396360152310665
  vertex -0.00862068965517241 0.0010344827586206903 0.01968841713602786
  vertex -0.00862068965517241 0.003103448275862071 0.019591548567367986
 endloop
endfacet
facet normal -0.08471998834257748 0.04730408137221899 0.9952812906212817
 outer loop
  vertex -0.012068965517241376 0.0010344827586206903 0.019396360152310665
  vertex -0.00862068965517241 0.003103448275862071 0.019591548567367986
  vertex -0.012068965517241376 0.003103448275862071 0.019298025627080308
 endloop
endfacet
facet normal -0.055627036387027394 0.046243210715486656 0.9973801673812847
 outer loop
  vertex -0.00862068965517241 0.0010344827586206903 0.01968841713602786
  vertex -0.005172413793103445 0.0010344827586206903 0.019880738352275273
  vertex -0.005172413793103445 0.003103448275862071 0.01978481143142214
 endloop
endfacet
facet normal -0.0558973707809927 0.04669545393442039 0.9973439820451271
 outer loop
  vertex -0.00862068965517241 0.0010344827586206903 0.01968841713602786
  vertex -0.005172413793103445 0.003103448275862071 0.01978481143142214
  vertex -0.00862068965517241 0.003103448275862071 0.019591548567367986
 endloop
endfacet
facet normal -0.027645225766280358 0.0460753762771339 0.9985553571000717
 outer loop
  vertex -0.005172413793103445 0.0010344827586206903 0.019880738352275273
  vertex -0.0017241379310344793 0.0010344827586206903 0.019976204631669294
  vertex -0.0017241379310344793 0.003103448275862071 0.019880738352275273
 endloop
endfacet
facet normal -0.027778230889246996 0.0462970514820783 0.9985414127179351
 outer loop
  vertex -0.005172413793103445 0.0010344827586206903 0.019880738352275273
  vertex -0.0017241379310344793 0.003103448275862071 0.019880738352275273
  vertex -0.005172413793103445 0.003103448275862071 0.01978481143142214
 endloop
endfacet
facet normal -0.0 0.046092993124803465 0.9989371531707071
 outer loop
  vertex -0.0017241379310344793 0.0010344827586206903 0.019976204631669294
  vertex 0.0017241379310344862 0.0010344827586206903 0.019976204631669294
  vertex 0.0017241379310344862 0.003103448275862071 0.019880738352275273
 endloop
endfacet
facet normal 0.0 0.046092993124803465 0.9989371531707071
 outer loop
  vertex -0.0017241379310344793 0.0010344827586206903 0.019976204631669294
  vertex 0.0017241379310344862 0.003103448275862071 0.019880738352275273
  vertex -0.0017241379310344793 0.003103448275862071 0.019880738352275273
 endloop
endfacet
facet normal 0.027644941901984715 0.0462972226188877 0.9985451038210608
 outer loop
  vertex 0.0017241379310344862 0.0010344827586206903 0.019976204631669294
  vertex 0.005172413793103452 0.0010344827586206903 0.019880738352275273
  vertex 0.005172413793103452 0.003103448275862071 0.01978481143142214
 endloop
endfacet
facet normal 0.027778516120074297 0.04607520595687761 0.9985516658832422
 outer loop
  vertex 0.0017241379310344862 0.0010344827586206903 0.019976204631669294
  vertex 0.005172413793103452 0.003103448275862071 0.01978481143142214
  vertex 0.0017241379310344862 0.003103448275862071 0.019880738352275273
 endloop
endfacet
facet normal 0.05562586299669587 0.04669616310062668 0.9973591287583187
 outer loop
  vertex 0.005172413793103452 0.0010344827586206903 0.019880738352275273
  vertex 0.008620689655172417 0.0010344827586206903 0.01968841713602786
  vertex 0.008620689655172417 0.003103448275862071 0.019591548567367986
 endloop
endfacet
facet normal 0.055898549862784176 0.04624250839855836 0.997365019709558
 outer loop
  vertex 0.005172413793103452 0.0010344827586206903 0.019880738352275273
  vertex 0.008620689655172417 0.003103448275862071 0.019591548567367986
  vertex 0.005172413793103452 0.003103448275862071 0.01978481143142214
 endloop
endfacet
facet normal 0.0842998813815605 0.04730577293013392 0.9953168811220562
 outer loop
  vertex 0.008620689655172417 0.0010344827586206903 0.01968841713602786
  vertex 0.012068965517241383 0.0010344827586206903 0.019396360152310665
  vertex 0.012068965517241383 0.003103448275862071 0.019298025627080308
 endloop
endfacet
facet normal 0.08472279358526143 0.04660042209663149 0.9953142463099405
 outer loop
  vertex 0.008620689655172417 0.0010344827586206903 0.01968841713602786
  vertex 0.012068965517241383 0.003103448275862071 0.019298025627080308
  vertex 0.008620689655172417 0.003103448275862071 0.019591548567367986
 endloop
endfacet
facet normal 0.11406897815354441 0.048151749017476216 0.9923052339323643
 outer loop
  vertex 0.012068965517241383 0.0010344827586206903 0.019396360152310665
  vertex 0.015517241379310348 0.0010344827586206903 0.018999968708904705
  vertex 0.015517241379310348 0.003103448275862071 0.01889957187040651
 endloop
endfacet
facet normal 0.11466006964228237 0.04716165645450362 0.992284660059851
 outer loop
  vertex 0.012068965517241383 0.0010344827586206903 0.019396360152310665
  vertex 0.015517241379310348 0.003103448275862071 0.01889957187040651
  vertex 0.012068965517241383 0.003103448275862071 0.019298025627080308
 endloop
endfacet
facet normal 0.14541111737341286 0.04927282714213116 0.9881436107416964
 outer loop
  vertex 0.015517241379310348 0.0010344827586206903 0.018999968708904705
  vertex 0.01896551724137932 0.0010344827586206903 0.018492534727988858
  vertex 0.01896551724137932 0.003103448275862071 0.018389367759963283
 endloop
endfacet
facet normal 0.14619741144494156 0.047947339784401265 0.9880927939694721
 outer loop
  vertex 0.015517241379310348 0.0010344827586206903 0.018999968708904705
  vertex 0.01896551724137932 0.003103448275862071 0.018389367759963283
  vertex 0.015517241379310348 0.003103448275862071 0.01889957187040651
 endloop
endfacet
facet normal 0.17892463005246942 0.05072643010581618 0.9825542255007134
 outer loop
  vertex 0.01896551724137932 0.0010344827586206903 0.018492534727988858
  vertex 0.02241379310344828 0.0010344827586206903 0.017864598409639474
  vertex 0.02241379310344828 0.003103448275862071 0.017757783709770665
 endloop
endfacet
facet normal 0.1799459987721313 0.04898921237796928 0.9824558486753929
 outer loop
  vertex 0.01896551724137932 0.0010344827586206903 0.018492534727988858
  vertex 0.02241379310344828 0.003103448275862071 0.017757783709770665
  vertex 0.01896551724137932 0.003103448275862071 0.018389367759963283
 endloop
endfacet
facet normal 0.21539655612075917 0.05259853626920555 0.9751090798437135
 outer loop
  vertex 0.02241379310344828 0.0010344827586206903 0.017864598409639474
  vertex 0.02586206896551725 0.0010344827586206903 0.01710289209329275
  vertex 0.02586206896551725 0.003103448275862071 0.016991289647937818
 endloop
endfacet
facet normal 0.21671221850240208 0.05033318092920822 0.9749371186129466
 outer loop
  vertex 0.02241379310344828 0.0010344827586206903 0.017864598409639474
  vertex 0.02586206896551725 0.003103448275862071 0.016991289647937818
  vertex 0.02241379310344828 0.003103448275862071 0.017757783709770665
 endloop
endfacet
facet normal 0.25591526770135226 0.055021792988652646 0.965132103938968
 outer loop
  vertex 0.02586206896551725 0.0010344827586206903 0.01710289209329275
  vertex 0.02931034482758621 0.0010344827586206903 0.016188544268007588
  vertex 0.02931034482758621 0.003103448275862071 0.016070593376180747
 endloop
endfacet
facet normal 0.25761543131428377 0.05204487259222431 0.9648448687667954
 outer loop
  vertex 0.02586206896551725 0.0010344827586206903 0.01710289209329275
  vertex 0.02931034482758621 0.003103448275862071 0.016070593376180747
  vertex 0.02586206896551725 0.003103448275862071 0.016991289647937818
 endloop
endfacet
facet normal 0.3020693232436055 0.0582113628124347 0.9515069948217245
 outer loop
  vertex 0.02931034482758621 0.0010344827586206903 0.016188544268007588
  vertex 0.03275862068965518 0.0010344827586206903 0.01509384043326847
  vertex 0.03275862068965518 0.003103448275862071 0.014967265113248758
 endloop
endfacet
facet normal 0.30429741422936685 0.054218000503276194 0.951032855433895
 outer loop
  vertex 0.02931034482758621 0.0010344827586206903 0.016188544268007588
  vertex 0.03275862068965518 0.003103448275862071 0.014967265113248758
  vertex 0.02931034482758621 0.003103448275862071 0.016070593376180747
 endloop
endfacet
facet normal 0.35632757658835695 0.06254395721834197 0.9322654726944137
 outer loop
  vertex 0.03275862068965518 0.0010344827586206903 0.01509384043326847
  vertex 0.03620689655172414 0.0010344827586206903 0.013775851279612537
  vertex 0.03620689655172414 0.003103448275862071 0.013637048229851853
 endloop
endfacet
facet normal 0.3593266919847623 0.056985558266572665 0.9314703294127703
 outer loop
  vertex 0.03275862068965518 0.0010344827586206903 0.01509384043326847
  vertex 0.03620689655172414 0.003103448275862071 0.013637048229851853
  vertex 0.03275862068965518 0.003103448275862071 0.014967265113248758
 endloop
endfacet
facet normal 0.42284279371874856 0.06876230113531309 0.9035904590812701
 outer loop
  vertex 0.03620689655172414 0.0010344827586206903 0.013775851279612537
  vertex 0.03965517241379311 0.0010344827586206903 0.012162201440378202
  vertex 0.03965517241379311 0.003103448275862071 0.01200475530036497
 endloop
endfacet
facet normal 0.42706622502806013 0.06052640574171871 0.9021923263075735
 outer loop
  vertex 0.03620689655172414 0.0010344827586206903 0.013775851279612537
  vertex 0.03965517241379311 0.003103448275862071 0.01200475530036497
  vertex 0.03620689655172414 0.003103448275862071 0.013637048229851853
 endloop
endfacet
facet normal 0.5094083264800222 0.0786608089856383 0.85692218669057
 outer loop
  vertex 0.03965517241379311 0.0010344827586206903 0.012162201440378202
  vertex 0.04310344827586207 0.0010344827586206903 0.010112329861113916
  vertex 0.04310344827586207 0.003103448275862071 0.009922410048233212
 endloop
endfacet
facet normal 0.5158425888393022 0.06500476996953003 0.8542135584388573
 outer loop
  vertex 0.03965517241379311 0.0010344827586206903 0.012162201440378202
  vertex 0.04310344827586207 0.003103448275862071 0.009922410048233212
  vertex 0.03965517241379311 0.003103448275862071 0.01200475530036497
 endloop
endfacet
facet normal 0.6334638369535103 0.09893648735397796 0.7674210961018683
 outer loop
  vertex 0.04310344827586207 0.0010344827586206903 0.010112329861113916
  vertex 0.046551724137931044 0.0010344827586206903 0.007265968105415672
  vertex 0.046551724137931044 0.003103448275862071 0.006999235562132555
 endloop
endfacet
facet normal 0.6450590451592088 0.06984957263422609 0.7609335486500156
 outer loop
  vertex 0.04310344827586207 0.0010344827586206903 0.010112329861113916
  vertex 0.046551724137931044 0.003103448275862071 0.006999235562132555
  vertex 0.04310344827586207 0.003103448275862071 0.009922410048233212
 endloop
endfacet
facet normal -0.6400163083499043 0.14274742553410022 0.7549849651148999
 outer loop
  vertex -0.04655172413793104 0.003103448275862071 0.006999235562132564
  vertex -0.04310344827586207 0.003103448275862071 0.009922410048233212
  vertex -0.04310344827586207 0.005172413793103452 0.009531224111093275
 endloop
endfacet
facet normal -0.6549328270282364 0.19958749803508843 0.7288537732006989
 outer loop
  vertex -0.04655172413793104 0.003103448275862071 0.006999235562132564
  vertex -0.04310344827586207 0.005172413793103452 0.009531224111093275
  vertex -0.04655172413793104 0.005172413793103452 0.006432675209026768
 endloop
endfacet
facet normal -0.5124291611460791 0.13175914272622993 0.8485610662263352
 outer loop
  vertex -0.04310344827586207 0.003103448275862071 0.009922410048233212
  vertex -0.039655172413793106 0.003103448275862071 0.012004755300364971
  vertex -0.039655172413793106 0.005172413793103452 0.0116834995490327
 endloop
endfacet
facet normal -0.5228041347212306 0.15837008418817014 0.8376125316353722
 outer loop
  vertex -0.04310344827586207 0.003103448275862071 0.009922410048233212
  vertex -0.039655172413793106 0.005172413793103452 0.0116834995490327
  vertex -0.04310344827586207 0.005172413793103452 0.009531224111093275
 endloop
endfacet
facet normal -0.4246419163863067 0.12224181743359074 0.8970708895724449
 outer loop
  vertex -0.039655172413793106 0.003103448275862071 0.012004755300364971
  vertex -0.03620689655172414 0.003103448275862071 0.013637048229851853
  vertex -0.03620689655172414 0.005172413793103452 0.013355114986922125
 endloop
endfacet
facet normal -0.4320186252957734 0.13837758864180164 0.8911854747241061
 outer loop
  vertex -0.039655172413793106 0.003103448275862071 0.012004755300364971
  vertex -0.03620689655172414 0.005172413793103452 0.013355114986922125
  vertex -0.039655172413793106 0.005172413793103452 0.0116834995490327
 endloop
endfacet
facet normal -0.3575293549133727 0.1148644659341386 0.926811153817698
 outer loop
  vertex -0.03620689655172414 0.003103448275862071 0.013637048229851853
  vertex -0.03275862068965517 0.003103448275862071 0.014967265113248765
  vertex -0.03275862068965517 0.005172413793103452 0.014710847591518307
 endloop
endfacet
facet normal -0.3629911848366544 0.12581055382769135 0.9232600415248412
 outer loop
  vertex -0.03620689655172414 0.003103448275862071 0.013637048229851853
  vertex -0.03275862068965517 0.005172413793103452 0.014710847591518307
  vertex -0.03620689655172414 0.005172413793103452 0.013355114986922125
 endloop
endfacet
facet normal -0.3029247873498587 0.10915309421715928 0.9467429298557569
 outer loop
  vertex -0.03275862068965517 0.003103448275862071 0.014967265113248765
  vertex -0.029310344827586206 0.003103448275862071 0.01607059337618075
  vertex -0.029310344827586206 0.005172413793103452 0.015832055563102063
 endloop
endfacet
facet normal -0.30708977794489717 0.11705113562794049 0.9444548162458398
 outer loop
  vertex -0.03275862068965517 0.003103448275862071 0.014967265113248765
  vertex -0.029310344827586206 0.005172413793103452 0.015832055563102063
  vertex -0.03275862068965517 0.005172413793103452 0.014710847591518307
 endloop
endfacet
facet normal -0.25654741097434364 0.10469314800111516 0.9608448213337978
 outer loop
  vertex -0.029310344827586206 0.003103448275862071 0.01607059337618075
  vertex -0.02586206896551724 0.003103448275862071 0.01699128964793782
  vertex -0.02586206896551724 0.005172413793103452 0.016765856249852714
 endloop
endfacet
facet normal -0.2597838008950727 0.11060222418271266 0.9593120059700838
 outer loop
  vertex -0.029310344827586206 0.003103448275862071 0.01607059337618075
  vertex -0.02586206896551724 0.005172413793103452 0.016765856249852714
  vertex -0.029310344827586206 0.005172413793103452 0.015832055563102063
 endloop
endfacet
facet normal -0.21587342744498883 0.10119255822953124 0.9711635956326391
 outer loop
  vertex -0.02586206896551724 0.003103448275862071 0.01699128964793782
  vertex -0.022413793103448276 0.003103448275862071 0.017757783709770665
  vertex -0.022413793103448276 0.005172413793103452 0.017542203230312973
 endloop
endfacet
facet normal -0.21841227321859283 0.10570321040807829 0.9701148953690548
 outer loop
  vertex -0.02586206896551724 0.003103448275862071 0.01699128964793782
  vertex -0.022413793103448276 0.005172413793103452 0.017542203230312973
  vertex -0.02586206896551724 0.005172413793103452 0.016765856249852714
 endloop
endfacet
facet normal -0.17928708051361594 0.09845050397748324 0.9788583355253627
 outer loop
  vertex -0.022413793103448276 0.003103448275862071 0.017757783709770665
  vertex -0.01896551724137931 0.003103448275862071 0.018389367759963287
  vertex -0.01896551724137931 0.005172413793103452 0.018181277691674574
 endloop
endfacet
facet normal -0.18127952299831873 0.10191907424103958 0.9781361034372218
 outer loop
  vertex -0.022413793103448276 0.003103448275862071 0.017757783709770665
  vertex -0.01896551724137931 0.005172413793103452 0.018181277691674574
  vertex -0.022413793103448276 0.005172413793103452 0.017542203230312973
 endloop
endfacet
facet normal -0.1456850952550891 0.09632827659755229 0.9846302433646151
 outer loop
  vertex -0.01896551724137931 0.003103448275862071 0.018389367759963287
  vertex -0.015517241379310341 0.003103448275862071 0.018899571870406515
  vertex -0.015517241379310341 0.005172413793103452 0.01869716098169098
 endloop
endfacet
facet normal -0.14723291506197275 0.09898139088984598 0.9841367552224973
 outer loop
  vertex -0.01896551724137931 0.003103448275862071 0.018389367759963287
  vertex -0.015517241379310341 0.005172413793103452 0.01869716098169098
  vertex -0.01896551724137931 0.005172413793103452 0.018181277691674574
 endloop
endfacet
facet normal -0.11427160051706446 0.09472967611064163 0.98892279262804
 outer loop
  vertex -0.015517241379310341 0.003103448275862071 0.018899571870406515
  vertex -0.012068965517241376 0.003103448275862071 0.019298025627080308
  vertex -0.012068965517241376 0.005172413793103452 0.019099837826381007
 endloop
endfacet
facet normal -0.11544436425248966 0.09671608335435823 0.988594253464449
 outer loop
  vertex -0.015517241379310341 0.003103448275862071 0.018899571870406515
  vertex -0.012068965517241376 0.005172413793103452 0.019099837826381007
  vertex -0.015517241379310341 0.005172413793103452 0.01869716098169098
 endloop
endfacet
facet normal -0.08444267946209366 0.09358855535700987 0.9920234957859869
 outer loop
  vertex -0.012068965517241376 0.003103448275862071 0.019298025627080308
  vertex -0.00862068965517241 0.003103448275862071 0.019591548567367986
  vertex -0.00862068965517241 0.005172413793103452 0.019396360152310665
 endloop
endfacet
facet normal -0.08528775147832543 0.09500685341361446 0.9918163626661013
 outer loop
  vertex -0.012068965517241376 0.003103448275862071 0.019298025627080308
  vertex -0.00862068965517241 0.005172413793103452 0.019396360152310665
  vertex -0.012068965517241376 0.005172413793103452 0.019099837826381007
 endloop
endfacet
facet normal -0.055716619892510345 0.09286103315418384 0.9941189500202131
 outer loop
  vertex -0.00862068965517241 0.003103448275862071 0.019591548567367986
  vertex -0.005172413793103445 0.003103448275862071 0.01978481143142214
  vertex -0.005172413793103445 0.005172413793103452 0.019591548567367986
 endloop
endfacet
facet normal -0.05626513894742902 0.09377523157904831 0.9940022334389004
 outer loop
  vertex -0.00862068965517241 0.003103448275862071 0.019591548567367986
  vertex -0.005172413793103445 0.005172413793103452 0.019591548567367986
  vertex -0.00862068965517241 0.005172413793103452 0.019396360152310665
 endloop
endfacet
facet normal -0.027688773498741593 0.09252075344296222 0.9953256964453806
 outer loop
  vertex -0.005172413793103445 0.003103448275862071 0.01978481143142214
  vertex -0.0017241379310344793 0.003103448275862071 0.019880738352275273
  vertex -0.0017241379310344793 0.005172413793103452 0.01968841713602786
 endloop
endfacet
facet normal -0.027959188801237055 0.09296914673686564 0.995276354344157
 outer loop
  vertex -0.005172413793103445 0.003103448275862071 0.01978481143142214
  vertex -0.0017241379310344793 0.005172413793103452 0.01968841713602786
  vertex -0.005172413793103445 0.005172413793103452 0.019591548567367986
 endloop
endfacet
facet normal -0.0 0.09255624020792481 0.995707458241914
 outer loop
  vertex -0.0017241379310344793 0.003103448275862071 0.019880738352275273
  vertex 0.0017241379310344862 0.003103448275862071 0.019880738352275273
  vertex 0.0017241379310344862 0.005172413793103452 0.01968841713602786
 endloop
endfacet
facet normal 0.0 0.09255624020792481 0.995707458241914
 outer loop
  vertex -0.0017241379310344793 0.003103448275862071 0.019880738352275273
  vertex 0.0017241379310344862 0.005172413793103452 0.01968841713602786
  vertex -0.0017241379310344793 0.005172413793103452 0.01968841713602786
 endloop
endfacet
facet normal 0.027687610235845646 0.09296984978087583 0.9952838807451616
 outer loop
  vertex 0.0017241379310344862 0.003103448275862071 0.019880738352275273
  vertex 0.005172413793103452 0.003103448275862071 0.01978481143142214
  vertex 0.005172413793103452 0.005172413793103452 0.019591548567367986
 endloop
endfacet
facet normal 0.02796036345642512 0.09252005373625717 0.995318169095704
 outer loop
  vertex 0.0017241379310344862 0.003103448275862071 0.019880738352275273
  vertex 0.005172413793103452 0.005172413793103452 0.019591548567367986
  vertex 0.0017241379310344862 0.005172413793103452 0.01968841713602786
 endloop
endfacet
facet normal 0.05571180972384734 0.09377814592224416 0.9940331250037294
 outer loop
  vertex 0.005172413793103452 0.003103448275862071 0.01978481143142214
  vertex 0.008620689655172417 0.003103448275862071 0.019591548567367986
  vertex 0.008620689655172417 0.005172413793103452 0.019396360152310665
 endloop
endfacet
facet normal 0.05626999658867157 0.09285814681377247 0.9940880504533904
 outer loop
  vertex 0.005172413793103452 0.003103448275862071 0.01978481143142214
  vertex 0.008620689655172417 0.005172413793103452 0.019396360152310665
  vertex 0.005172413793103452 0.005172413793103452 0.019591548567367986
 endloop
endfacet
facet normal 0.08443122904028114 0.09501380924112328 0.9918889774648366
 outer loop
  vertex 0.008620689655172417 0.003103448275862071 0.019591548567367986
  vertex 0.012068965517241383 0.003103448275862071 0.019298025627080308
  vertex 0.012068965517241383 0.005172413793103452 0.019099837826381007
 endloop
endfacet
facet normal 0.08529931636644693 0.09358170201203972 0.9919508514417167
 outer loop
  vertex 0.008620689655172417 0.003103448275862071 0.019591548567367986
  vertex 0.012068965517241383 0.005172413793103452 0.019099837826381007
  vertex 0.008620689655172417 0.005172413793103452 0.019396360152310665
 endloop
endfacet
facet normal 0.11424952350125601 0.09672953343553556 0.988731734972171
 outer loop
  vertex 0.012068965517241383 0.003103448275862071 0.019298025627080308
  vertex 0.015517241379310348 0.003103448275862071 0.01889957187040651
  vertex 0.015517241379310348 0.005172413793103452 0.018697160981690976
 endloop
endfacet
facet normal 0.11546666594832862 0.09471649901629188 0.9887852314172547
 outer loop
  vertex 0.012068965517241383 0.003103448275862071 0.019298025627080308
  vertex 0.015517241379310348 0.005172413793103452 0.018697160981690976
  vertex 0.012068965517241383 0.005172413793103452 0.019099837826381007
 endloop
endfacet
facet normal 0.14564664911024566 0.09900489019660415 0.9843704004693129
 outer loop
  vertex 0.015517241379310348 0.003103448275862071 0.01889957187040651
  vertex 0.01896551724137932 0.003103448275862071 0.018389367759963283
  vertex 0.01896551724137932 0.005172413793103452 0.018181277691674574
 endloop
endfacet
facet normal 0.14727176147659293 0.09630540053039195 0.984396413087869
 outer loop
  vertex 0.015517241379310348 0.003103448275862071 0.01889957187040651
  vertex 0.01896551724137932 0.005172413793103452 0.018181277691674574
  vertex 0.015517241379310348 0.005172413793103452 0.018697160981690976
 endloop
endfacet
facet normal 0.17922343690211343 0.10195812271707821 0.9785108588447056
 outer loop
  vertex 0.01896551724137932 0.003103448275862071 0.018389367759963283
  vertex 0.02241379310344828 0.003103448275862071 0.017757783709770665
  vertex 0.02241379310344828 0.005172413793103452 0.017542203230312973
 endloop
endfacet
facet normal 0.18134384741648718 0.09841277210023007 0.9784831808936391
 outer loop
  vertex 0.01896551724137932 0.003103448275862071 0.018389367759963283
  vertex 0.02241379310344828 0.005172413793103452 0.017542203230312973
  vertex 0.01896551724137932 0.005172413793103452 0.018181277691674574
 endloop
endfacet
facet normal 0.2157701625002283 0.10576685752243753 0.9706990310206628
 outer loop
  vertex 0.02241379310344828 0.003103448275862071 0.017757783709770665
  vertex 0.02586206896551725 0.003103448275862071 0.016991289647937818
  vertex 0.02586206896551725 0.005172413793103452 0.016765856249852714
 endloop
endfacet
facet normal 0.21851667678775807 0.10113160553433313 0.9705786214046148
 outer loop
  vertex 0.02241379310344828 0.003103448275862071 0.017757783709770665
  vertex 0.02586206896551725 0.005172413793103452 0.016765856249852714
  vertex 0.02241379310344828 0.005172413793103452 0.017542203230312973
 endloop
endfacet
facet normal 0.2563793683531339 0.11070638552121645 0.9602154527436412
 outer loop
  vertex 0.02586206896551725 0.003103448275862071 0.016991289647937818
  vertex 0.02931034482758621 0.003103448275862071 0.016070593376180747
  vertex 0.02931034482758621 0.005172413793103452 0.015832055563102063
 endloop
endfacet
facet normal 0.2599537543569555 0.1045945154056145 0.9599395985908636
 outer loop
  vertex 0.02586206896551725 0.003103448275862071 0.016991289647937818
  vertex 0.02931034482758621 0.005172413793103452 0.015832055563102063
  vertex 0.02586206896551725 0.005172413793103452 0.016765856249852714
 endloop
endfacet
facet normal 0.3026445113963614 0.11722615137124029 0.9458669722304215
 outer loop
  vertex 0.02931034482758621 0.003103448275862071 0.016070593376180747
  vertex 0.03275862068965518 0.003103448275862071 0.014967265113248758
  vertex 0.03275862068965518 0.005172413793103452 0.014710847591518302
 endloop
endfacet
facet normal 0.30737332088967473 0.10898983004938213 0.9453268527610225
 outer loop
  vertex 0.02931034482758621 0.003103448275862071 0.016070593376180747
  vertex 0.03275862068965518 0.005172413793103452 0.014710847591518302
  vertex 0.02931034482758621 0.005172413793103452 0.015832055563102063
 endloop
endfacet
facet normal 0.3570376164367537 0.12612075307206302 0.9255364369346553
 outer loop
  vertex 0.03275862068965518 0.003103448275862071 0.014967265113248758
  vertex 0.03620689655172414 0.003103448275862071 0.013637048229851853
  vertex 0.03620689655172414 0.005172413793103452 0.013355114986922125
 endloop
endfacet
facet normal 0.3634886617409029 0.1145811761413974 0.9245253630159972
 outer loop
  vertex 0.03275862068965518 0.003103448275862071 0.014967265113248758
  vertex 0.03620689655172414 0.005172413793103452 0.013355114986922125
  vertex 0.03275862068965518 0.005172413793103452 0.014710847591518302
 endloop
endfacet
facet normal 0.42369832261045826 0.13898191975794782 0.8950775147424269
 outer loop
  vertex 0.03620689655172414 0.003103448275862071 0.013637048229851853
  vertex 0.03965517241379311 0.003103448275862071 0.01200475530036497
  vertex 0.03965517241379311 0.005172413793103452 0.011683499549032696
 endloop
endfacet
facet normal 0.4329723721072689 0.12170792216949075 0.8931529021802426
 outer loop
  vertex 0.03620689655172414 0.003103448275862071 0.013637048229851853
  vertex 0.03965517241379311 0.005172413793103452 0.011683499549032696
  vertex 0.03620689655172414 0.005172413793103452 0.013355114986922125
 endloop
endfacet
facet normal 0.5102953388559782 0.1597720648102261 0.8450275465617316
 outer loop
  vertex 0.03965517241379311 0.003103448275862071 0.01200475530036497
  vertex 0.04310344827586207 0.003103448275862071 0.009922410048233212
  vertex 0.04310344827586207 0.005172413793103452 0.009531224111093275
 endloop
endfacet
facet normal 0.524951829689994 0.13059341096057941 0.8410534688822161
 outer loop
  vertex 0.03965517241379311 0.003103448275862071 0.01200475530036497
  vertex 0.04310344827586207 0.005172413793103452 0.009531224111093275
  vertex 0.03965517241379311 0.005172413793103452 0.011683499549032696
 endloop
endfacet
facet normal 0.632976895313158 0.204469270777157 0.7466810345171312
 outer loop
  vertex 0.04310344827586207 0.003103448275862071 0.009922410048233212
  vertex 0.046551724137931044 0.003103448275862071 0.006999235562132555
  vertex 0.046551724137931044 0.005172413793103452 0.006432675209026757
 endloop
endfacet
facet normal 0.661867292774211 0.13926582268529858 0.7365709180978596
 outer loop
  vertex 0.04310344827586207 0.003103448275862071 0.009922410048233212
  vertex 0.046551724137931044 0.005172413793103452 0.006432675209026757
  vertex 0.04310344827586207 0.005172413793103452 0.009531224111093275
 endloop
endfacet
facet normal -0.6524250426531303 0.2171961567165151 0.7260629402652611
 outer loop
  vertex -0.04655172413793104 0.005172413793103452 0.006432675209026768
  vertex -0.04310344827586207 0.005172413793103452 0.009531224111093275
  vertex -0.04310344827586207 0.007241379310344832 0.008912308954013848
 endloop
endfacet
facet normal -0.6708922148300897 0.311772984055164 0.6728307680938167
 outer loop
  vertex -0.04655172413793104 0.005172413793103452 0.006432675209026768
  vertex -0.04310344827586207 0.007241379310344832 0.008912308954013848
  vertex -0.04655172413793104 0.007241379310344832 0.005473968229788805
 endloop
endfacet
facet normal -0.5187329042831119 0.20051415537707623 0.83108979509282
 outer loop
  vertex -0.04310344827586207 0.005172413793103452 0.009531224111093275
  vertex -0.039655172413793106 0.005172413793103452 0.0116834995490327
  vertex -0.039655172413793106 0.007241379310344832 0.011184327407053002
 endloop
endfacet
facet normal -0.5337920293503252 0.24234836741105845 0.8101440231312308
 outer loop
  vertex -0.04310344827586207 0.005172413793103452 0.009531224111093275
  vertex -0.039655172413793106 0.007241379310344832 0.011184327407053002
  vertex -0.04310344827586207 0.007241379310344832 0.008912308954013848
 endloop
endfacet
facet normal -0.4286312958047651 0.18565879819471845 0.8841979545947959
 outer loop
  vertex -0.039655172413793106 0.005172413793103452 0.0116834995490327
  vertex -0.03620689655172414 0.005172413793103452 0.013355114986922125
  vertex -0.03620689655172414 0.007241379310344832 0.01292068551392772
 endloop
endfacet
facet normal -0.43965206772713583 0.2106536122015451 0.8731157512092512
 outer loop
  vertex -0.039655172413793106 0.005172413793103452 0.0116834995490327
  vertex -0.03620689655172414 0.007241379310344832 0.01292068551392772
  vertex -0.039655172413793106 0.007241379310344832 0.011184327407053002
 endloop
endfacet
facet normal -0.36030536549048975 0.17417934923798203 0.9164287194854805
 outer loop
  vertex -0.03620689655172414 0.005172413793103452 0.013355114986922125
  vertex -0.03275862068965517 0.005172413793103452 0.014710847591518307
  vertex -0.03275862068965517 0.007241379310344832 0.014317613442777034
 endloop
endfacet
facet normal -0.3685548420588135 0.19102761435592303 0.9097668816507269
 outer loop
  vertex -0.03620689655172414 0.005172413793103452 0.013355114986922125
  vertex -0.03275862068965517 0.007241379310344832 0.014317613442777034
  vertex -0.03620689655172414 0.007241379310344832 0.01292068551392772
 endloop
endfacet
facet normal -0.30496016617911326 0.165327385523376 0.937905193844246
 outer loop
  vertex -0.03275862068965517 0.005172413793103452 0.014710847591518307
  vertex -0.029310344827586206 0.005172413793103452 0.015832055563102063
  vertex -0.029310344827586206 0.007241379310344832 0.015467352753107452
 endloop
endfacet
facet normal -0.31128605739166687 0.1774435687197371 0.9336031118165554
 outer loop
  vertex -0.03275862068965517 0.005172413793103452 0.014710847591518307
  vertex -0.029310344827586206 0.007241379310344832 0.015467352753107452
  vertex -0.03275862068965517 0.007241379310344832 0.014317613442777034
 endloop
endfacet
facet normal -0.2580859223329507 0.1584368359427448 0.9530421951361869
 outer loop
  vertex -0.029310344827586206 0.005172413793103452 0.015832055563102063
  vertex -0.02586206896551724 0.005172413793103452 0.016765856249852714
  vertex -0.02586206896551724 0.007241379310344832 0.016421904689366426
 endloop
endfacet
facet normal -0.26301843169742756 0.1674844456279065 0.9501422341208386
 outer loop
  vertex -0.029310344827586206 0.005172413793103452 0.015832055563102063
  vertex -0.02586206896551724 0.007241379310344832 0.016421904689366426
  vertex -0.029310344827586206 0.007241379310344832 0.015467352753107452
 endloop
endfacet
facet normal -0.21705533017188108 0.15304146251375333 0.9640878042977347
 outer loop
  vertex -0.02586206896551724 0.005172413793103452 0.016765856249852714
  vertex -0.022413793103448276 0.005172413793103452 0.017542203230312973
  vertex -0.022413793103448276 0.007241379310344832 0.017213770999101635
 endloop
endfacet
facet normal -0.22093433869252843 0.15994010946896586 0.9620848088238118
 outer loop
  vertex -0.02586206896551724 0.005172413793103452 0.016765856249852714
  vertex -0.022413793103448276 0.007241379310344832 0.017213770999101635
  vertex -0.02586206896551724 0.007241379310344832 0.016421904689366426
 endloop
endfacet
facet normal -0.18019912338320493 0.14882284842250865 0.9723065543949271
 outer loop
  vertex -0.022413793103448276 0.005172413793103452 0.017542203230312973
  vertex -0.01896551724137931 0.005172413793103452 0.018181277691674574
  vertex -0.01896551724137931 0.007241379310344832 0.01786459840963947
 endloop
endfacet
facet normal -0.18324941692239943 0.15412435999037033 0.9709095389659942
 outer loop
  vertex -0.022413793103448276 0.005172413793103452 0.017542203230312973
  vertex -0.01896551724137931 0.007241379310344832 0.01786459840963947
  vertex -0.022413793103448276 0.007241379310344832 0.017213770999101635
 endloop
endfacet
facet normal -0.14638359942672446 0.1455622506989089 0.9784597452068962
 outer loop
  vertex -0.01896551724137931 0.005172413793103452 0.018181277691674574
  vertex -0.015517241379310341 0.005172413793103452 0.01869716098169098
  vertex -0.015517241379310341 0.007241379310344832 0.018389367759963287
 endloop
endfacet
facet normal -0.14875743235915395 0.1496161975663324 0.9774897542909102
 outer loop
  vertex -0.01896551724137931 0.005172413793103452 0.018181277691674574
  vertex -0.015517241379310341 0.007241379310344832 0.018389367759963287
  vertex -0.01896551724137931 0.007241379310344832 0.01786459840963947
 endloop
endfacet
facet normal -0.11479424873053203 0.14310859110611784 0.9830270655531386
 outer loop
  vertex -0.015517241379310341 0.005172413793103452 0.01869716098169098
  vertex -0.012068965517241376 0.005172413793103452 0.019099837826381007
  vertex -0.012068965517241376 0.007241379310344832 0.018798638855777944
 endloop
endfacet
facet normal -0.11659593136502883 0.1461437081768864 0.9823682636106637
 outer loop
  vertex -0.015517241379310341 0.005172413793103452 0.01869716098169098
  vertex -0.012068965517241376 0.007241379310344832 0.018798638855777944
  vertex -0.015517241379310341 0.007241379310344832 0.018389367759963287
 endloop
endfacet
facet normal -0.0848149849327854 0.1413583082213089 0.9863185322337104
 outer loop
  vertex -0.012068965517241376 0.005172413793103452 0.019099837826381007
  vertex -0.00862068965517241 0.005172413793103452 0.019396360152310665
  vertex -0.00862068965517241 0.007241379310344832 0.019099837826381007
 endloop
endfacet
facet normal -0.08611546405012753 0.14352577341687914 0.9858927321045216
 outer loop
  vertex -0.012068965517241376 0.005172413793103452 0.019099837826381007
  vertex -0.00862068965517241 0.007241379310344832 0.019099837826381007
  vertex -0.012068965517241376 0.007241379310344832 0.018798638855777944
 endloop
endfacet
facet normal -0.055955652756799035 0.14024284960823355 0.9885347277958033
 outer loop
  vertex -0.00862068965517241 0.005172413793103452 0.019396360152310665
  vertex -0.005172413793103445 0.005172413793103452 0.019591548567367986
  vertex -0.005172413793103445 0.007241379310344832 0.019298025627080308
 endloop
endfacet
facet normal -0.056801275511426046 0.14164045643399692 0.9882872032974241
 outer loop
  vertex -0.00862068965517241 0.005172413793103452 0.019396360152310665
  vertex -0.005172413793103445 0.007241379310344832 0.019298025627080308
  vertex -0.00862068965517241 0.007241379310344832 0.019099837826381007
 endloop
endfacet
facet normal -0.02780535957413195 0.13972109427477172 0.9898004232134949
 outer loop
  vertex -0.005172413793103445 0.005172413793103452 0.019591548567367986
  vertex -0.0017241379310344793 0.005172413793103452 0.01968841713602786
  vertex -0.0017241379310344793 0.007241379310344832 0.019396360152310665
 endloop
endfacet
facet normal -0.02822304582567062 0.14040696583453993 0.9896915396372046
 outer loop
  vertex -0.005172413793103445 0.005172413793103452 0.019591548567367986
  vertex -0.0017241379310344793 0.007241379310344832 0.019396360152310665
  vertex -0.005172413793103445 0.007241379310344832 0.019298025627080308
 endloop
endfacet
facet normal -0.0 0.13977513745908496 0.9901832713938838
 outer loop
  vertex -0.0017241379310344793 0.005172413793103452 0.01968841713602786
  vertex 0.0017241379310344862 0.005172413793103452 0.01968841713602786
  vertex 0.0017241379310344862 0.007241379310344832 0.019396360152310665
 endloop
endfacet
facet normal 0.0 0.13977513745908496 0.9901832713938838
 outer loop
  vertex -0.0017241379310344793 0.005172413793103452 0.01968841713602786
  vertex 0.0017241379310344862 0.007241379310344832 0.019396360152310665
  vertex -0.0017241379310344793 0.007241379310344832 0.019396360152310665
 endloop
endfacet
facet normal 0.027802628518290868 0.14040862072727434 0.9897032045380768
 outer loop
  vertex 0.0017241379310344862 0.005172413793103452 0.01968841713602786
  vertex 0.005172413793103452 0.005172413793103452 0.019591548567367986
  vertex 0.005172413793103452 0.007241379310344832 0.019298025627080308
 endloop
endfacet
facet normal 0.02822581811379826 0.1397194471618651 0.9897887548747911
 outer loop
  vertex 0.0017241379310344862 0.005172413793103452 0.01968841713602786
  vertex 0.005172413793103452 0.007241379310344832 0.019298025627080308
  vertex 0.0017241379310344862 0.007241379310344832 0.019396360152310665
 endloop
endfacet
facet normal 0.055944352784071595 0.14164732066100233 0.988335098001245
 outer loop
  vertex 0.005172413793103452 0.005172413793103452 0.019591548567367986
  vertex 0.008620689655172417 0.005172413793103452 0.019396360152310665
  vertex 0.008620689655172417 0.007241379310344832 0.019099837826381007
 endloop
endfacet
facet normal 0.056812747458218245 0.1402360506963363 0.9884868040653568
 outer loop
  vertex 0.005172413793103452 0.005172413793103452 0.019591548567367986
  vertex 0.008620689655172417 0.007241379310344832 0.019099837826381007
  vertex 0.005172413793103452 0.007241379310344832 0.019298025627080308
 endloop
endfacet
facet normal 0.08478805739045804 0.1435421741312517 0.9860053902335554
 outer loop
  vertex 0.008620689655172417 0.005172413793103452 0.019396360152310665
  vertex 0.012068965517241383 0.005172413793103452 0.019099837826381007
  vertex 0.012068965517241383 0.007241379310344832 0.018798638855777944
 endloop
endfacet
facet normal 0.08614280690660898 0.14134214677047913 0.9862057667467591
 outer loop
  vertex 0.008620689655172417 0.005172413793103452 0.019396360152310665
  vertex 0.012068965517241383 0.007241379310344832 0.018798638855777944
  vertex 0.008620689655172417 0.007241379310344832 0.019099837826381007
 endloop
endfacet
facet normal 0.1147422495354895 0.14617547179797508 0.9825817765540814
 outer loop
  vertex 0.012068965517241383 0.005172413793103452 0.019099837826381007
  vertex 0.015517241379310348 0.005172413793103452 0.018697160981690976
  vertex 0.015517241379310348 0.007241379310344832 0.018389367759963283
 endloop
endfacet
facet normal 0.11664874763966573 0.14307746572911495 0.9828132622602482
 outer loop
  vertex 0.012068965517241383 0.005172413793103452 0.019099837826381007
  vertex 0.015517241379310348 0.007241379310344832 0.018389367759963283
  vertex 0.012068965517241383 0.007241379310344832 0.018798638855777944
 endloop
endfacet
facet normal 0.14629284654874733 0.14967181695449014 0.9778531332762637
 outer loop
  vertex 0.015517241379310348 0.005172413793103452 0.018697160981690976
  vertex 0.01896551724137932 0.005172413793103452 0.018181277691674574
  vertex 0.01896551724137932 0.007241379310344832 0.01786459840963947
 endloop
endfacet
facet normal 0.1488496455082923 0.14550809136671775 0.9780956897864701
 outer loop
  vertex 0.015517241379310348 0.005172413793103452 0.018697160981690976
  vertex 0.01896551724137932 0.007241379310344832 0.01786459840963947
  vertex 0.015517241379310348 0.007241379310344832 0.018389367759963283
 endloop
endfacet
facet normal 0.18004844211943205 0.15421706219079462 0.9714935183621175
 outer loop
  vertex 0.01896551724137932 0.005172413793103452 0.018181277691674574
  vertex 0.02241379310344828 0.005172413793103452 0.017542203230312973
  vertex 0.02241379310344828 0.007241379310344832 0.017213770999101635
 endloop
endfacet
facet normal 0.1834025925093419 0.1487332391015884 0.9717211084705333
 outer loop
  vertex 0.01896551724137932 0.005172413793103452 0.018181277691674574
  vertex 0.02241379310344828 0.007241379310344832 0.017213770999101635
  vertex 0.01896551724137932 0.007241379310344832 0.01786459840963947
 endloop
endfacet
facet normal 0.21680984793541527 0.16009183050679116 0.9629974536016214
 outer loop
  vertex 0.02241379310344828 0.005172413793103452 0.017542203230312973
  vertex 0.02586206896551725 0.005172413793103452 0.016765856249852714
  vertex 0.02586206896551725 0.007241379310344832 0.016421904689366423
 endloop
endfacet
facet normal 0.22118401614636432 0.1528960950397596 0.9631720589401239
 outer loop
  vertex 0.02241379310344828 0.005172413793103452 0.017542203230312973
  vertex 0.02586206896551725 0.007241379310344832 0.016421904689366423
  vertex 0.02241379310344828 0.007241379310344832 0.017213770999101635
 endloop
endfacet
facet normal 0.25768420932102903 0.16773414384896826 0.9515587765628825
 outer loop
  vertex 0.02586206896551725 0.005172413793103452 0.016765856249852714
  vertex 0.02931034482758621 0.005172413793103452 0.015832055563102063
  vertex 0.02931034482758621 0.007241379310344832 0.015467352753107448
 endloop
endfacet
facet normal 0.26342723769772497 0.15820024390330567 0.9516190273780158
 outer loop
  vertex 0.02586206896551725 0.005172413793103452 0.016765856249852714
  vertex 0.02931034482758621 0.007241379310344832 0.015467352753107448
  vertex 0.02586206896551725 0.007241379310344832 0.016421904689366423
 endloop
endfacet
facet normal 0.3042848064000096 0.1778664616678163 0.9358281243945813
 outer loop
  vertex 0.02931034482758621 0.005172413793103452 0.015832055563102063
  vertex 0.03275862068965518 0.005172413793103452 0.014710847591518302
  vertex 0.03275862068965518 0.007241379310344832 0.014317613442777027
 endloop
endfacet
facet normal 0.31197366411934263 0.16493256475090587 0.9356653685910578
 outer loop
  vertex 0.02931034482758621 0.005172413793103452 0.015832055563102063
  vertex 0.03275862068965518 0.007241379310344832 0.014317613442777027
  vertex 0.02931034482758621 0.007241379310344832 0.015467352753107448
 endloop
endfacet
facet normal 0.35910624962062626 0.19178602309776557 0.9133787948205014
 outer loop
  vertex 0.03275862068965518 0.005172413793103452 0.014710847591518302
  vertex 0.03620689655172414 0.005172413793103452 0.013355114986922125
  vertex 0.03620689655172414 0.007241379310344832 0.01292068551392772
 endloop
endfacet
facet normal 0.3697757460593715 0.17348598511998642 0.9127806475781478
 outer loop
  vertex 0.03275862068965518 0.005172413793103452 0.014710847591518302
  vertex 0.03620689655172414 0.007241379310344832 0.01292068551392772
  vertex 0.03275862068965518 0.007241379310344832 0.014317613442777027
 endloop
endfacet
facet normal 0.42628479400373026 0.212159536311457 0.8793574958759974
 outer loop
  vertex 0.03620689655172414 0.005172413793103452 0.013355114986922125
  vertex 0.03965517241379311 0.005172413793103452 0.011683499549032696
  vertex 0.03965517241379311 0.007241379310344832 0.011184327407052998
 endloop
endfacet
facet normal 0.44203763716514033 0.1843265865847107 0.8778533116685776
 outer loop
  vertex 0.03620689655172414 0.005172413793103452 0.013355114986922125
  vertex 0.03965517241379311 0.007241379310344832 0.011184327407052998
  vertex 0.03620689655172414 0.007241379310344832 0.01292068551392772
 endloop
endfacet
facet normal 0.5132189741305384 0.24597146225721142 0.8222556319949698
 outer loop
  vertex 0.03965517241379311 0.005172413793103452 0.011683499549032696
  vertex 0.04310344827586207 0.005172413793103452 0.009531224111093275
  vertex 0.04310344827586207 0.007241379310344832 0.008912308954013848
 endloop
endfacet
facet normal 0.5393566562489465 0.19749826197542353 0.8185895393154269
 outer loop
  vertex 0.03965517241379311 0.005172413793103452 0.011683499549032696
  vertex 0.04310344827586207 0.007241379310344832 0.008912308954013848
  vertex 0.03965517241379311 0.007241379310344832 0.011184327407052998
 endloop
endfacet
facet normal 0.631900196408557 0.3258552888389642 0.7032214960554762
 outer loop
  vertex 0.04310344827586207 0.005172413793103452 0.009531224111093275
  vertex 0.046551724137931044 0.005172413793103452 0.006432675209026757
  vertex 0.046551724137931044 0.007241379310344832 0.005473968229788794
 endloop
endfacet
facet normal 0.6907580787903369 0.2072320532528382 0.6927540347702752
 outer loop
  vertex 0.04310344827586207 0.005172413793103452 0.009531224111093275
  vertex 0.046551724137931044 0.007241379310344832 0.005473968229788794
  vertex 0.04310344827586207 0.007241379310344832 0.008912308954013848
 endloop
endfacet
facet normal -0.6748464624537158 0.29415782971663845 0.6767964415761231
 outer loop
  vertex -0.04655172413793104 0.007241379310344832 0.005473968229788805
  vertex -0.04310344827586207 0.007241379310344832 0.008912308954013848
  vertex -0.04310344827586207 0.009310344827586206 0.008013068992153274
 endloop
endfacet
facet normal -0.6886464476552854 0.4494272315134938 0.5690177797800985
 outer loop
  vertex -0.04655172413793104 0.007241379310344832 0.005473968229788805
  vertex -0.04310344827586207 0.009310344827586206 0.008013068992153274
  vertex -0.04655172413793104 0.009310344827586206 0.003839837491606912
 endloop
endfacet
facet normal -0.529330090107578 0.27276907678859064 0.8033720722396337
 outer loop
  vertex -0.04310344827586207 0.007241379310344832 0.008912308954013848
  vertex -0.039655172413793106 0.007241379310344832 0.011184327407053002
  vertex -0.039655172413793106 0.009310344827586206 0.010481851140393558
 endloop
endfacet
facet normal -0.5488664106669389 0.33320248646111766 0.7666301365441617
 outer loop
  vertex -0.04310344827586207 0.007241379310344832 0.008912308954013848
  vertex -0.039655172413793106 0.009310344827586206 0.010481851140393558
  vertex -0.04310344827586207 0.009310344827586206 0.008013068992153274
 endloop
endfacet
facet normal -0.43523708248020754 0.2519352050000826 0.8643479244584806
 outer loop
  vertex -0.039655172413793106 0.007241379310344832 0.011184327407053002
  vertex -0.03620689655172414 0.007241379310344832 0.01292068551392772
  vertex -0.03620689655172414 0.009310344827586206 0.012317635241028793
 endloop
endfacet
facet normal -0.45014902635833104 0.2870880507927227 0.8455449752441805
 outer loop
  vertex -0.039655172413793106 0.007241379310344832 0.011184327407053002
  vertex -0.03620689655172414 0.009310344827586206 0.012317635241028793
  vertex -0.039655172413793106 0.009310344827586206 0.010481851140393558
 endloop
endfacet
facet normal -0.3648773255048526 0.23584696708729147 0.9006890392628034
 outer loop
  vertex -0.03620689655172414 0.007241379310344832 0.01292068551392772
  vertex -0.03275862068965517 0.007241379310344832 0.014317613442777034
  vertex -0.03275862068965517 0.009310344827586206 0.013775851279612538
 endloop
endfacet
facet normal -0.376168933767147 0.25927660026824995 0.8895350346230474
 outer loop
  vertex -0.03620689655172414 0.007241379310344832 0.01292068551392772
  vertex -0.03275862068965517 0.009310344827586206 0.013775851279612538
  vertex -0.03620689655172414 0.009310344827586206 0.012317635241028793
 endloop
endfacet
facet normal -0.3083043207880774 0.22349875134859487 0.9246603451695229
 outer loop
  vertex -0.03275862068965517 0.007241379310344832 0.014317613442777034
  vertex -0.029310344827586206 0.007241379310344832 0.015467352753107452
  vertex -0.029310344827586206 0.009310344827586206 0.014967265113248763
 endloop
endfacet
facet normal -0.3170025427784899 0.24024675341699656 0.9174916268525641
 outer loop
  vertex -0.03275862068965517 0.007241379310344832 0.014317613442777034
  vertex -0.029310344827586206 0.009310344827586206 0.014967265113248763
  vertex -0.03275862068965517 0.009310344827586206 0.013775851279612538
 endloop
endfacet
facet normal -0.26061072409655117 0.21392593575911995 0.9414444988927686
 outer loop
  vertex -0.029310344827586206 0.007241379310344832 0.015467352753107452
  vertex -0.02586206896551724 0.007241379310344832 0.016421904689366426
  vertex -0.02586206896551724 0.009310344827586206 0.01595177035340742
 endloop
endfacet
facet normal -0.2674087179373476 0.22638747731022013 0.9366115991638255
 outer loop
  vertex -0.029310344827586206 0.007241379310344832 0.015467352753107452
  vertex -0.02586206896551724 0.009310344827586206 0.01595177035340742
  vertex -0.029310344827586206 0.009310344827586206 0.014967265113248763
 endloop
endfacet
facet normal -0.21899375035330884 0.20645431678440712 0.9536342864994297
 outer loop
  vertex -0.02586206896551724 0.007241379310344832 0.016421904689366426
  vertex -0.022413793103448276 0.007241379310344832 0.017213770999101635
  vertex -0.022413793103448276 0.009310344827586206 0.016765856249852714
 endloop
endfacet
facet normal -0.22434779037180202 0.2159346245706756 0.9502843294860813
 outer loop
  vertex -0.02586206896551724 0.007241379310344832 0.016421904689366426
  vertex -0.022413793103448276 0.009310344827586206 0.016765856249852714
  vertex -0.02586206896551724 0.009310344827586206 0.01595177035340742
 endloop
endfacet
facet normal -0.1816945352530467 0.20062659856452347 0.9626713166016784
 outer loop
  vertex -0.022413793103448276 0.007241379310344832 0.017213770999101635
  vertex -0.01896551724137931 0.007241379310344832 0.01786459840963947
  vertex -0.01896551724137931 0.009310344827586206 0.017433413323813155
 endloop
endfacet
facet normal -0.18590982974752143 0.20790171113570186 0.9603199538227324
 outer loop
  vertex -0.022413793103448276 0.007241379310344832 0.017213770999101635
  vertex -0.01896551724137931 0.009310344827586206 0.017433413323813155
  vertex -0.022413793103448276 0.009310344827586206 0.016765856249852714
 endloop
endfacet
facet normal -0.14752879413854753 0.19613063572028386 0.9694163340030864
 outer loop
  vertex -0.01896551724137931 0.007241379310344832 0.01786459840963947
  vertex -0.015517241379310341 0.007241379310344832 0.018389367759963287
  vertex -0.015517241379310341 0.009310344827586206 0.01797077823557984
 endloop
endfacet
facet normal -0.15081308976408447 0.20168900012428628 0.9677690629404703
 outer loop
  vertex -0.01896551724137931 0.007241379310344832 0.01786459840963947
  vertex -0.015517241379310341 0.009310344827586206 0.01797077823557984
  vertex -0.01896551724137931 0.009310344827586206 0.017433413323813155
 endloop
endfacet
facet normal -0.11565117161458449 0.19275195269097303 0.9744082774884412
 outer loop
  vertex -0.015517241379310341 0.007241379310344832 0.018389367759963287
  vertex -0.012068965517241376 0.007241379310344832 0.018798638855777944
  vertex -0.012068965517241376 0.009310344827586206 0.01838936775996329
 endloop
endfacet
facet normal -0.11814696848858093 0.19691161414763378 0.9732764818132265
 outer loop
  vertex -0.015517241379310341 0.007241379310344832 0.018389367759963287
  vertex -0.012068965517241376 0.009310344827586206 0.01838936775996329
  vertex -0.015517241379310341 0.009310344827586206 0.01797077823557984
 endloop
endfacet
facet normal -0.08542549846416723 0.19034411100824886 0.9779936623601546
 outer loop
  vertex -0.012068965517241376 0.007241379310344832 0.018798638855777944
  vertex -0.00862068965517241 0.007241379310344832 0.019099837826381007
  vertex -0.00862068965517241 0.009310344827586206 0.01869716098169098
 endloop
endfacet
facet normal -0.08722950542037348 0.1933143896107392 0.9772515337176731
 outer loop
  vertex -0.012068965517241376 0.007241379310344832 0.018798638855777944
  vertex -0.00862068965517241 0.009310344827586206 0.01869716098169098
  vertex -0.012068965517241376 0.009310344827586206 0.01838936775996329
 endloop
endfacet
facet normal -0.056347710339350224 0.1888104513787738 0.9803956084100216
 outer loop
  vertex -0.00862068965517241 0.007241379310344832 0.019099837826381007
  vertex -0.005172413793103445 0.007241379310344832 0.019298025627080308
  vertex -0.005172413793103445 0.009310344827586206 0.018899571870406515
 endloop
endfacet
facet normal -0.05752261967979681 0.1907261275809955 0.9799564747901466
 outer loop
  vertex -0.00862068965517241 0.007241379310344832 0.019099837826381007
  vertex -0.005172413793103445 0.009310344827586206 0.018899571870406515
  vertex -0.00862068965517241 0.009310344827586206 0.01869716098169098
 endloop
endfacet
facet normal -0.02799663657783842 0.18809309611933173 0.9817520947431547
 outer loop
  vertex -0.005172413793103445 0.007241379310344832 0.019298025627080308
  vertex -0.0017241379310344793 0.007241379310344832 0.019396360152310665
  vertex -0.0017241379310344793 0.009310344827586206 0.018999968708904705
 endloop
endfacet
facet normal -0.028578045798291856 0.18903367006804705 0.98155466830888
 outer loop
  vertex -0.005172413793103445 0.007241379310344832 0.019298025627080308
  vertex -0.0017241379310344793 0.009310344827586206 0.018999968708904705
  vertex -0.005172413793103445 0.009310344827586206 0.018899571870406515
 endloop
endfacet
facet normal -0.0 0.18816685426245539 0.9821370754415963
 outer loop
  vertex -0.0017241379310344793 0.007241379310344832 0.019396360152310665
  vertex 0.0017241379310344862 0.007241379310344832 0.019396360152310665
  vertex 0.0017241379310344862 0.009310344827586206 0.018999968708904705
 endloop
endfacet
facet normal 0.0 0.18816685426245539 0.9821370754415963
 outer loop
  vertex -0.0017241379310344793 0.007241379310344832 0.019396360152310665
  vertex 0.0017241379310344862 0.009310344827586206 0.018999968708904705
  vertex -0.0017241379310344793 0.009310344827586206 0.018999968708904705
 endloop
endfacet
facet normal 0.027991471343571477 0.18903680888520172 0.9815709665727292
 outer loop
  vertex 0.0017241379310344862 0.007241379310344832 0.019396360152310665
  vertex 0.005172413793103452 0.007241379310344832 0.019298025627080308
  vertex 0.005172413793103452 0.009310344827586206 0.018899571870406515
 endloop
endfacet
facet normal 0.02858331909730226 0.18808997181913398 0.9817357874552904
 outer loop
  vertex 0.0017241379310344862 0.007241379310344832 0.019396360152310665
  vertex 0.005172413793103452 0.009310344827586206 0.018899571870406515
  vertex 0.0017241379310344862 0.009310344827586206 0.018999968708904705
 endloop
endfacet
facet normal 0.0563263194626542 0.19073915846647885 0.9800234278645029
 outer loop
  vertex 0.005172413793103452 0.007241379310344832 0.019298025627080308
  vertex 0.008620689655172417 0.007241379310344832 0.019099837826381007
  vertex 0.008620689655172417 0.009310344827586206 0.01869716098169098
 endloop
endfacet
facet normal 0.05754446188539272 0.18879754246019864 0.980328579032209
 outer loop
  vertex 0.005172413793103452 0.007241379310344832 0.019298025627080308
  vertex 0.008620689655172417 0.009310344827586206 0.01869716098169098
  vertex 0.005172413793103452 0.009310344827586206 0.018899571870406515
 endloop
endfacet
facet normal 0.08537444475441469 0.19334557313419423 0.9774091740577665
 outer loop
  vertex 0.008620689655172417 0.007241379310344832 0.019099837826381007
  vertex 0.012068965517241383 0.007241379310344832 0.018798638855777944
  vertex 0.012068965517241383 0.009310344827586206 0.01838936775996329
 endloop
endfacet
facet normal 0.08728165161203537 0.1903133748537809 0.9778357390909987
 outer loop
  vertex 0.008620689655172417 0.007241379310344832 0.019099837826381007
  vertex 0.012068965517241383 0.009310344827586206 0.01838936775996329
  vertex 0.008620689655172417 0.009310344827586206 0.01869716098169098
 endloop
endfacet
facet normal 0.11555235306709763 0.19697214961908857 0.9735756909327041
 outer loop
  vertex 0.012068965517241383 0.007241379310344832 0.018798638855777944
  vertex 0.015517241379310348 0.007241379310344832 0.018389367759963283
  vertex 0.015517241379310348 0.009310344827586206 0.01797077823557984
 endloop
endfacet
facet normal 0.11824794373643567 0.19269261289694029 0.9741083003121648
 outer loop
  vertex 0.012068965517241383 0.007241379310344832 0.018798638855777944
  vertex 0.015517241379310348 0.009310344827586206 0.01797077823557984
  vertex 0.012068965517241383 0.009310344827586206 0.01838936775996329
 endloop
endfacet
facet normal 0.147355765625344 0.2017953487850116 0.9682793582152334
 outer loop
  vertex 0.015517241379310348 0.007241379310344832 0.018389367759963283
  vertex 0.01896551724137932 0.007241379310344832 0.01786459840963947
  vertex 0.01896551724137932 0.009310344827586206 0.017433413323813155
 endloop
endfacet
facet normal 0.15098999101180866 0.19602702974068675 0.9689042399666223
 outer loop
  vertex 0.015517241379310348 0.007241379310344832 0.018389367759963283
  vertex 0.01896551724137932 0.009310344827586206 0.017433413323813155
  vertex 0.015517241379310348 0.009310344827586206 0.01797077823557984
 endloop
endfacet
facet normal 0.18140596521179728 0.2080797615068511 0.9611423872854782
 outer loop
  vertex 0.01896551724137932 0.007241379310344832 0.01786459840963947
  vertex 0.02241379310344828 0.007241379310344832 0.017213770999101635
  vertex 0.02241379310344828 0.009310344827586206 0.016765856249852714
 endloop
endfacet
facet normal 0.18620505717476493 0.20045437983517622 0.9618449554306752
 outer loop
  vertex 0.01896551724137932 0.007241379310344832 0.01786459840963947
  vertex 0.02241379310344828 0.009310344827586206 0.016765856249852714
  vertex 0.01896551724137932 0.009310344827586206 0.017433413323813155
 endloop
endfacet
facet normal 0.21852076027338274 0.21622781367126123 0.9515745950394479
 outer loop
  vertex 0.02241379310344828 0.007241379310344832 0.017213770999101635
  vertex 0.02586206896551725 0.007241379310344832 0.016421904689366423
  vertex 0.02586206896551725 0.009310344827586206 0.015951770353407415
 endloop
endfacet
facet normal 0.22483207285393594 0.2061731691443057 0.9523356358664712
 outer loop
  vertex 0.02241379310344828 0.007241379310344832 0.017213770999101635
  vertex 0.02586206896551725 0.009310344827586206 0.015951770353407415
  vertex 0.02241379310344828 0.009310344827586206 0.016765856249852714
 endloop
endfacet
facet normal 0.25983016371521744 0.22687407637850124 0.9386247596836157
 outer loop
  vertex 0.02586206896551725 0.007241379310344832 0.016421904689366423
  vertex 0.02931034482758621 0.007241379310344832 0.015467352753107448
  vertex 0.02931034482758621 0.009310344827586206 0.014967265113248763
 endloop
endfacet
facet normal 0.268208587473179 0.2134643558793833 0.9394131797961119
 outer loop
  vertex 0.02586206896551725 0.007241379310344832 0.016421904689366423
  vertex 0.02931034482758621 0.009310344827586206 0.014967265113248763
  vertex 0.02586206896551725 0.009310344827586206 0.015951770353407415
 endloop
endfacet
facet normal 0.30697610159293204 0.2410807901473995 0.9206767758951626
 outer loop
  vertex 0.02931034482758621 0.007241379310344832 0.015467352753107448
  vertex 0.03275862068965518 0.007241379310344832 0.014317613442777027
  vertex 0.03275862068965518 0.009310344827586206 0.013775851279612535
 endloop
endfacet
facet normal 0.31836460917249204 0.22271887052837458 0.9214338176651709
 outer loop
  vertex 0.02931034482758621 0.007241379310344832 0.015467352753107448
  vertex 0.03275862068965518 0.009310344827586206 0.013775851279612535
  vertex 0.02931034482758621 0.009310344827586206 0.014967265113248763
 endloop
endfacet
facet normal 0.3624753655701341 0.26079950584406997 0.8947598711980141
 outer loop
  vertex 0.03275862068965518 0.007241379310344832 0.014317613442777027
  vertex 0.03620689655172414 0.007241379310344832 0.01292068551392772
  vertex 0.03620689655172414 0.009310344827586206 0.012317635241028793
 endloop
endfacet
facet normal 0.378632322393419 0.23445161827447786 0.8953602644340682
 outer loop
  vertex 0.03275862068965518 0.007241379310344832 0.014317613442777027
  vertex 0.03620689655172414 0.009310344827586206 0.012317635241028793
  vertex 0.03275862068965518 0.009310344827586206 0.013775851279612535
 endloop
endfacet
facet normal 0.43038923798701567 0.29020340899579944 0.8547204719861183
 outer loop
  vertex 0.03620689655172414 0.007241379310344832 0.01292068551392772
  vertex 0.03965517241379311 0.007241379310344832 0.011184327407052998
  vertex 0.03965517241379311 0.009310344827586206 0.010481851140393557
 endloop
endfacet
facet normal 0.45510936761250487 0.24917039376853642 0.8548623154523648
 outer loop
  vertex 0.03620689655172414 0.007241379310344832 0.01292068551392772
  vertex 0.03965517241379311 0.009310344827586206 0.010481851140393557
  vertex 0.03620689655172414 0.009310344827586206 0.012317635241028793
 endloop
endfacet
facet normal 0.5171849161082636 0.34116018703835554 0.7849391628209429
 outer loop
  vertex 0.03965517241379311 0.007241379310344832 0.011184327407052998
  vertex 0.04310344827586207 0.007241379310344832 0.008912308954013848
  vertex 0.04310344827586207 0.009310344827586206 0.008013068992153274
 endloop
endfacet
facet normal 0.5611412036616472 0.2661152707067816 0.7837749755190033
 outer loop
  vertex 0.03965517241379311 0.007241379310344832 0.011184327407052998
  vertex 0.04310344827586207 0.009310344827586206 0.008013068992153274
  vertex 0.03965517241379311 0.009310344827586206 0.010481851140393557
 endloop
endfacet
facet normal 0.616248238726309 0.48813767551599646 0.6180288973895652
 outer loop
  vertex 0.04310344827586207 0.007241379310344832 0.008912308954013848
  vertex 0.046551724137931044 0.007241379310344832 0.005473968229788794
  vertex 0.046551724137931044 0.009310344827586206 0.0038398374916068945
 endloop
endfacet
facet normal 0.7429411713108541 0.26681257696294297 0.6138806600192335
 outer loop
  vertex 0.04310344827586207 0.007241379310344832 0.008912308954013848
  vertex 0.046551724137931044 0.009310344827586206 0.0038398374916068945
  vertex 0.04310344827586207 0.009310344827586206 0.008013068992153274
 endloop
endfacet
facet normal -0.5453193358558801 0.34996695343233847 0.7616757534850307
 outer loop
  vertex -0.04310344827586207 0.009310344827586206 0.008013068992153274
  vertex -0.039655172413793106 0.009310344827586206 0.010481851140393558
  vertex -0.039655172413793106 0.011379310344827587 0.009531224111093277
 endloop
endfacet
facet normal -0.5685689478104115 0.43552009253687557 0.697890822824339
 outer loop
  vertex -0.04310344827586207 0.009310344827586206 0.008013068992153274
  vertex -0.039655172413793106 0.011379310344827587 0.009531224111093277
  vertex -0.04310344827586207 0.011379310344827587 0.006721927134351006
 endloop
endfacet
facet normal -0.44484869074565475 0.3223362590033505 0.8355890009290462
 outer loop
  vertex -0.039655172413793106 0.009310344827586206 0.010481851140393558
  vertex -0.03620689655172414 0.009310344827586206 0.012317635241028793
  vertex -0.03620689655172414 0.011379310344827587 0.011519512474820734
 endloop
endfacet
facet normal -0.46410068570289464 0.36982115219852596 0.8048868671537992
 outer loop
  vertex -0.039655172413793106 0.009310344827586206 0.010481851140393558
  vertex -0.03620689655172414 0.011379310344827587 0.011519512474820734
  vertex -0.039655172413793106 0.011379310344827587 0.009531224111093277
 endloop
endfacet
facet normal -0.371438872487758 0.30089013659134284 0.8783497536329511
 outer loop
  vertex -0.03620689655172414 0.009310344827586206 0.012317635241028793
  vertex -0.03275862068965517 0.009310344827586206 0.013775851279612538
  vertex -0.03275862068965517 0.011379310344827587 0.01306710022172167
 endloop
endfacet
facet normal -0.3862327221581934 0.33198023744400823 0.8605889880081501
 outer loop
  vertex -0.03620689655172414 0.009310344827586206 0.012317635241028793
  vertex -0.03275862068965517 0.011379310344827587 0.01306710022172167
  vertex -0.03620689655172414 0.011379310344827587 0.011519512474820734
 endloop
endfacet
facet normal -0.31307036916839 0.2845172720614145 0.9061108463358659
 outer loop
  vertex -0.03275862068965517 0.009310344827586206 0.013775851279612538
  vertex -0.029310344827586206 0.009310344827586206 0.014967265113248763
  vertex -0.029310344827586206 0.011379310344827587 0.01431761344277703
 endloop
endfacet
facet normal -0.32451052188417095 0.3065370438973572 0.8948340415435325
 outer loop
  vertex -0.03275862068965517 0.009310344827586206 0.013775851279612538
  vertex -0.029310344827586206 0.011379310344827587 0.01431761344277703
  vertex -0.03275862068965517 0.011379310344827587 0.01306710022172167
 endloop
endfacet
facet normal -0.2641941285562601 0.27189059009107036 0.9253523488144004
 outer loop
  vertex -0.029310344827586206 0.009310344827586206 0.014967265113248763
  vertex -0.02586206896551724 0.009310344827586206 0.01595177035340742
  vertex -0.02586206896551724 0.011379310344827587 0.015343858938818613
 endloop
endfacet
facet normal -0.27314502089465115 0.2881849742413815 0.9177914894909164
 outer loop
  vertex -0.029310344827586206 0.009310344827586206 0.014967265113248763
  vertex -0.02586206896551724 0.011379310344827587 0.015343858938818613
  vertex -0.029310344827586206 0.011379310344827587 0.01431761344277703
 endloop
endfacet
facet normal -0.22173745164313957 0.2620765372473812 0.9392275502577787
 outer loop
  vertex -0.02586206896551724 0.009310344827586206 0.01595177035340742
  vertex -0.022413793103448276 0.009310344827586206 0.016765856249852714
  vertex -0.022413793103448276 0.011379310344827587 0.01618854426800759
 endloop
endfacet
facet normal -0.2287898471665654 0.2744295317802435 0.9339933821609102
 outer loop
  vertex -0.02586206896551724 0.009310344827586206 0.01595177035340742
  vertex -0.022413793103448276 0.011379310344827587 0.01618854426800759
  vertex -0.02586206896551724 0.011379310344827587 0.015343858938818613
 endloop
endfacet
facet normal -0.18380719767625553 0.2544463496615876 0.949458777002085
 outer loop
  vertex -0.022413793103448276 0.009310344827586206 0.016765856249852714
  vertex -0.01896551724137931 0.009310344827586206 0.017433413323813155
  vertex -0.01896551724137931 0.011379310344827587 0.016878949311062645
 endloop
endfacet
facet normal -0.1893613455572332 0.26390443983616724 0.9457783712072891
 outer loop
  vertex -0.022413793103448276 0.009310344827586206 0.016765856249852714
  vertex -0.01896551724137931 0.011379310344827587 0.016878949311062645
  vertex -0.022413793103448276 0.011379310344827587 0.01618854426800759
 endloop
endfacet
facet normal -0.14914447705419137 0.24857412842365237 0.9570615589619371
 outer loop
  vertex -0.01896551724137931 0.009310344827586206 0.017433413323813155
  vertex -0.015517241379310341 0.009310344827586206 0.01797077823557984
  vertex -0.015517241379310341 0.011379310344827587 0.017433413323813155
 endloop
endfacet
facet normal -0.15347394825915733 0.25578991376526233 0.9544722453909832
 outer loop
  vertex -0.01896551724137931 0.009310344827586206 0.017433413323813155
  vertex -0.015517241379310341 0.011379310344827587 0.017433413323813155
  vertex -0.01896551724137931 0.011379310344827587 0.016878949311062645
 endloop
endfacet
facet normal -0.11685892676328954 0.24416912633538107 0.962665792983395
 outer loop
  vertex -0.015517241379310341 0.009310344827586206 0.01797077823557984
  vertex -0.012068965517241376 0.009310344827586206 0.01838936775996329
  vertex -0.012068965517241376 0.011379310344827587 0.017864598409639474
 endloop
endfacet
facet normal -0.12015136575233326 0.24956463082211836 0.9608751970732041
 outer loop
  vertex -0.015517241379310341 0.009310344827586206 0.01797077823557984
  vertex -0.012068965517241376 0.011379310344827587 0.017864598409639474
  vertex -0.015517241379310341 0.011379310344827587 0.017433413323813155
 endloop
endfacet
facet normal -0.08628530447001231 0.2410338262172585 0.9666734406466259
 outer loop
  vertex -0.012068965517241376 0.009310344827586206 0.01838936775996329
  vertex -0.00862068965517241 0.009310344827586206 0.01869716098169098
  vertex -0.00862068965517241 0.011379310344827587 0.018181277691674574
 endloop
endfacet
facet normal -0.08866761801366084 0.24488523531215062 0.9654891377130538
 outer loop
  vertex -0.012068965517241376 0.009310344827586206 0.01838936775996329
  vertex -0.00862068965517241 0.011379310344827587 0.018181277691674574
  vertex -0.012068965517241376 0.011379310344827587 0.017864598409639474
 endloop
endfacet
facet normal -0.05689953491891019 0.23903833090994353 0.969341590607666
 outer loop
  vertex -0.00862068965517241 0.009310344827586206 0.01869716098169098
  vertex -0.005172413793103445 0.009310344827586206 0.018899571870406515
  vertex -0.005172413793103445 0.011379310344827587 0.018389367759963287
 endloop
endfacet
facet normal -0.0584532502418652 0.24152245944039388 0.9686331189475327
 outer loop
  vertex -0.00862068965517241 0.009310344827586206 0.01869716098169098
  vertex -0.005172413793103445 0.011379310344827587 0.018389367759963287
  vertex -0.00862068965517241 0.011379310344827587 0.018181277691674574
 endloop
endfacet
facet normal -0.028265738417665647 0.23810504366729662 0.9708280157741117
 outer loop
  vertex -0.005172413793103445 0.009310344827586206 0.018899571870406515
  vertex -0.0017241379310344793 0.009310344827586206 0.018999968708904705
  vertex -0.0017241379310344793 0.011379310344827587 0.018492534727988858
 endloop
endfacet
facet normal -0.029035982616135343 0.2393252731474809 0.9705051907879726
 outer loop
  vertex -0.005172413793103445 0.009310344827586206 0.018899571870406515
  vertex -0.0017241379310344793 0.011379310344827587 0.018492534727988858
  vertex -0.005172413793103445 0.011379310344827587 0.018389367759963287
 endloop
endfacet
facet normal -0.0 0.2382002179475036 0.971216070794631
 outer loop
  vertex -0.0017241379310344793 0.009310344827586206 0.018999968708904705
  vertex 0.0017241379310344862 0.009310344827586206 0.018999968708904705
  vertex 0.0017241379310344862 0.011379310344827587 0.018492534727988858
 endloop
endfacet
facet normal 0.0 0.2382002179475036 0.971216070794631
 outer loop
  vertex -0.0017241379310344793 0.009310344827586206 0.018999968708904705
  vertex 0.0017241379310344862 0.011379310344827587 0.018492534727988858
  vertex -0.0017241379310344793 0.011379310344827587 0.018492534727988858
 endloop
endfacet
facet normal 0.028256970433546073 0.2393306183661657 0.970526866570105
 outer loop
  vertex 0.0017241379310344862 0.009310344827586206 0.018999968708904705
  vertex 0.005172413793103452 0.009310344827586206 0.018899571870406515
  vertex 0.005172413793103452 0.011379310344827587 0.018389367759963287
 endloop
endfacet
facet normal 0.02904499192086584 0.2380997225200423 0.970806319808537
 outer loop
  vertex 0.0017241379310344862 0.009310344827586206 0.018999968708904705
  vertex 0.005172413793103452 0.011379310344827587 0.018389367759963287
  vertex 0.0017241379310344862 0.011379310344827587 0.018492534727988858
 endloop
endfacet
facet normal 0.05686317863650056 0.24154467728113027 0.968722224268912
 outer loop
  vertex 0.005172413793103452 0.009310344827586206 0.018899571870406515
  vertex 0.008620689655172417 0.009310344827586206 0.01869716098169098
  vertex 0.008620689655172417 0.011379310344827587 0.018181277691674574
 endloop
endfacet
facet normal 0.058490616277609056 0.23901631548788027 0.9692523142804784
 outer loop
  vertex 0.005172413793103452 0.009310344827586206 0.018899571870406515
  vertex 0.008620689655172417 0.011379310344827587 0.018181277691674574
  vertex 0.005172413793103452 0.011379310344827587 0.018389367759963287
 endloop
endfacet
facet normal 0.08619834476946406 0.24493851819171228 0.9656992117968476
 outer loop
  vertex 0.008620689655172417 0.009310344827586206 0.01869716098169098
  vertex 0.012068965517241383 0.009310344827586206 0.01838936775996329
  vertex 0.012068965517241383 0.011379310344827587 0.017864598409639474
 endloop
endfacet
facet normal 0.08875702982543425 0.2409812869357735 0.966462730271243
 outer loop
  vertex 0.008620689655172417 0.009310344827586206 0.01869716098169098
  vertex 0.012068965517241383 0.011379310344827587 0.017864598409639474
  vertex 0.008620689655172417 0.011379310344827587 0.018181277691674574
 endloop
endfacet
facet normal 0.11669006501120753 0.24966840160479417 0.9612747359458623
 outer loop
  vertex 0.012068965517241383 0.009310344827586206 0.01838936775996329
  vertex 0.015517241379310348 0.009310344827586206 0.01797077823557984
  vertex 0.015517241379310348 0.011379310344827587 0.017433413323813155
 endloop
endfacet
facet normal 0.1203250915229151 0.24406734749466652 0.9622645178104199
 outer loop
  vertex 0.012068965517241383 0.009310344827586206 0.01838936775996329
  vertex 0.015517241379310348 0.011379310344827587 0.017433413323813155
  vertex 0.012068965517241383 0.011379310344827587 0.017864598409639474
 endloop
endfacet
facet normal 0.1488474613162464 0.25597304823953543 0.9551556060845107
 outer loop
  vertex 0.015517241379310348 0.009310344827586206 0.01797077823557984
  vertex 0.01896551724137932 0.009310344827586206 0.017433413323813155
  vertex 0.01896551724137932 0.011379310344827587 0.016878949311062645
 endloop
endfacet
facet normal 0.15377975650089995 0.24839557778114335 0.9563741022368266
 outer loop
  vertex 0.015517241379310348 0.009310344827586206 0.01797077823557984
  vertex 0.01896551724137932 0.011379310344827587 0.016878949311062645
  vertex 0.015517241379310348 0.011379310344827587 0.017433413323813155
 endloop
endfacet
facet normal 0.18330875300820187 0.26421296299776276 0.946884053754482
 outer loop
  vertex 0.01896551724137932 0.009310344827586206 0.017433413323813155
  vertex 0.02241379310344828 0.009310344827586206 0.016765856249852714
  vertex 0.02241379310344828 0.011379310344827587 0.01618854426800759
 endloop
endfacet
facet normal 0.1898750414517228 0.25414761586577866 0.9483440609733617
 outer loop
  vertex 0.01896551724137932 0.009310344827586206 0.017433413323813155
  vertex 0.02241379310344828 0.011379310344827587 0.01618854426800759
  vertex 0.01896551724137932 0.011379310344827587 0.016878949311062645
 endloop
endfacet
facet normal 0.22091344317336303 0.2749419201904949 0.9357372447152315
 outer loop
  vertex 0.02241379310344828 0.009310344827586206 0.016765856249852714
  vertex 0.02586206896551725 0.009310344827586206 0.015951770353407415
  vertex 0.02586206896551725 0.011379310344827587 0.015343858938818612
 endloop
endfacet
facet normal 0.22964003911190944 0.26158448499391374 0.937464137792561
 outer loop
  vertex 0.02241379310344828 0.009310344827586206 0.016765856249852714
  vertex 0.02586206896551725 0.011379310344827587 0.015343858938818612
  vertex 0.02241379310344828 0.011379310344827587 0.01618854426800759
 endloop
endfacet
facet normal 0.2628179269300575 0.28904553322051585 0.9205321379557884
 outer loop
  vertex 0.02586206896551725 0.009310344827586206 0.015951770353407415
  vertex 0.02931034482758621 0.009310344827586206 0.014967265113248763
  vertex 0.02931034482758621 0.011379310344827587 0.014317613442777028
 endloop
endfacet
facet normal 0.27456672820027284 0.27107264422118954 0.9225685520980704
 outer loop
  vertex 0.02586206896551725 0.009310344827586206 0.015951770353407415
  vertex 0.02931034482758621 0.011379310344827587 0.014317613442777028
  vertex 0.02586206896551725 0.011379310344827587 0.015343858938818612
 endloop
endfacet
facet normal 0.3106875054083871 0.3080375207938372 0.8992141901495438
 outer loop
  vertex 0.02931034482758621 0.009310344827586206 0.014967265113248763
  vertex 0.03275862068965518 0.009310344827586206 0.013775851279612535
  vertex 0.03275862068965518 0.011379310344827587 0.013067100221721662
 endloop
endfacet
facet normal 0.3269749390260865 0.2831101819691545 0.9016296435423357
 outer loop
  vertex 0.02931034482758621 0.009310344827586206 0.014967265113248763
  vertex 0.03275862068965518 0.011379310344827587 0.013067100221721662
  vertex 0.02931034482758621 0.011379310344827587 0.014317613442777028
 endloop
endfacet
facet normal 0.3670115262286447 0.3347929328180326 0.8678803095763961
 outer loop
  vertex 0.03275862068965518 0.009310344827586206 0.013775851279612535
  vertex 0.03620689655172414 0.009310344827586206 0.012317635241028793
  vertex 0.03620689655172414 0.011379310344827587 0.011519512474820734
 endloop
endfacet
facet normal 0.3908125880013843 0.2983017018342745 0.8707936700174362
 outer loop
  vertex 0.03275862068965518 0.009310344827586206 0.013775851279612535
  vertex 0.03620689655172414 0.011379310344827587 0.011519512474820734
  vertex 0.03275862068965518 0.011379310344827587 0.013067100221721662
 endloop
endfacet
facet normal 0.4354778840145706 0.37584035350661693 0.8179871889034774
 outer loop
  vertex 0.03620689655172414 0.009310344827586206 0.012317635241028793
  vertex 0.03965517241379311 0.009310344827586206 0.010481851140393557
  vertex 0.03965517241379311 0.011379310344827587 0.009531224111093275
 endloop
endfacet
facet normal 0.4737601144767725 0.3169549749282735 0.8216391530344529
 outer loop
  vertex 0.03620689655172414 0.009310344827586206 0.012317635241028793
  vertex 0.03965517241379311 0.011379310344827587 0.009531224111093275
  vertex 0.03620689655172414 0.011379310344827587 0.011519512474820734
 endloop
endfacet
facet normal 0.5191264477454566 0.4524942839084422 0.7250907903713643
 outer loop
  vertex 0.03965517241379311 0.009310344827586206 0.010481851140393557
  vertex 0.04310344827586207 0.009310344827586206 0.008013068992153274
  vertex 0.04310344827586207 0.011379310344827587 0.006721927134351006
 endloop
endfacet
facet normal 0.5949949624619147 0.33556336828304184 0.7303274748436377
 outer loop
  vertex 0.03965517241379311 0.009310344827586206 0.010481851140393557
  vertex 0.04310344827586207 0.011379310344827587 0.006721927134351006
  vertex 0.03965517241379311 0.011379310344827587 0.009531224111093275
 endloop
endfacet
facet normal -0.5691524587517023 0.4336054225804042 0.6986070542198676
 outer loop
  vertex -0.04310344827586207 0.011379310344827587 0.006721927134351006
  vertex -0.039655172413793106 0.011379310344827587 0.009531224111093277
  vertex -0.039655172413793106 0.013448275862068967 0.008247076374552685
 endloop
endfacet
facet normal -0.592145862382016 0.5591836763874263 0.5802386523885672
 outer loop
  vertex -0.04310344827586207 0.011379310344827587 0.006721927134351006
  vertex -0.039655172413793106 0.013448275862068967 0.008247076374552685
  vertex -0.04310344827586207 0.013448275862068967 0.00472803765544899
 endloop
endfacet
facet normal -0.4581401489205963 0.39849544877919163 0.7945495461261585
 outer loop
  vertex -0.039655172413793106 0.011379310344827587 0.009531224111093277
  vertex -0.03620689655172414 0.011379310344827587 0.011519512474820734
  vertex -0.03620689655172414 0.013448275862068967 0.010481851140393558
 endloop
endfacet
facet normal -0.48235131951378857 0.4619483841196966 0.7442720570950573
 outer loop
  vertex -0.039655172413793106 0.011379310344827587 0.009531224111093277
  vertex -0.03620689655172414 0.013448275862068967 0.010481851140393558
  vertex -0.039655172413793106 0.013448275862068967 0.008247076374552685
 endloop
endfacet
facet normal -0.3802967041774172 0.37060906007667394 0.847362579643967
 outer loop
  vertex -0.03620689655172414 0.011379310344827587 0.011519512474820734
  vertex -0.03275862068965517 0.011379310344827587 0.01306710022172167
  vertex -0.03275862068965517 0.013448275862068967 0.012162201440378209
 endloop
endfacet
facet normal -0.3993468442554078 0.41101229439394643 0.8195065538726769
 outer loop
  vertex -0.03620689655172414 0.011379310344827587 0.011519512474820734
  vertex -0.03275862068965517 0.013448275862068967 0.012162201440378209
  vertex -0.03620689655172414 0.013448275862068967 0.010481851140393558
 endloop
endfacet
facet normal -0.3194308056367233 0.34943975168853 0.8808267822620588
 outer loop
  vertex -0.03275862068965517 0.011379310344827587 0.01306710022172167
  vertex -0.029310344827586206 0.011379310344827587 0.01431761344277703
  vertex -0.029310344827586206 0.013448275862068967 0.013496817786745465
 endloop
endfacet
facet normal -0.3342147029148787 0.37767467556992124 0.8635174415080881
 outer loop
  vertex -0.03275862068965517 0.011379310344827587 0.01306710022172167
  vertex -0.029310344827586206 0.013448275862068967 0.013496817786745465
  vertex -0.03275862068965517 0.013448275862068967 0.012162201440378209
 endloop
endfacet
facet normal -0.2689443636294318 0.33322210927262425 0.9036769086149447
 outer loop
  vertex -0.029310344827586206 0.011379310344827587 0.01431761344277703
  vertex -0.02586206896551724 0.011379310344827587 0.015343858938818613
  vertex -0.02586206896551724 0.013448275862068967 0.014580947939217912
 endloop
endfacet
facet normal -0.280507619312093 0.353954173752481 0.8922062084468255
 outer loop
  vertex -0.029310344827586206 0.011379310344827587 0.01431761344277703
  vertex -0.02586206896551724 0.013448275862068967 0.014580947939217912
  vertex -0.029310344827586206 0.013448275862068967 0.013496817786745465
 endloop
endfacet
facet normal -0.22535866357839335 0.3206850140237467 0.9199861925761439
 outer loop
  vertex -0.02586206896551724 0.011379310344827587 0.015343858938818613
  vertex -0.022413793103448276 0.011379310344827587 0.01618854426800759
  vertex -0.022413793103448276 0.013448275862068967 0.015467352753107452
 endloop
endfacet
facet normal -0.23446024375177785 0.336325450336854 0.9120929697983475
 outer loop
  vertex -0.02586206896551724 0.011379310344827587 0.015343858938818613
  vertex -0.022413793103448276 0.013448275862068967 0.015467352753107452
  vertex -0.02586206896551724 0.013448275862068967 0.014580947939217912
 endloop
endfacet
facet normal -0.18658697146792277 0.31097828577987113 0.9319215674357159
 outer loop
  vertex -0.022413793103448276 0.011379310344827587 0.01618854426800759
  vertex -0.01896551724137931 0.011379310344827587 0.016878949311062645
  vertex -0.01896551724137931 0.013448275862068967 0.01618854426800759
 endloop
endfacet
facet normal -0.19374906127507605 0.32291510212512653 0.9263839042613735
 outer loop
  vertex -0.022413793103448276 0.011379310344827587 0.01618854426800759
  vertex -0.01896551724137931 0.013448275862068967 0.01618854426800759
  vertex -0.022413793103448276 0.013448275862068967 0.015467352753107452
 endloop
endfacet
facet normal -0.15126550680640272 0.30353144896908535 0.9407376924187367
 outer loop
  vertex -0.01896551724137931 0.011379310344827587 0.016878949311062645
  vertex -0.015517241379310341 0.011379310344827587 0.017433413323813155
  vertex -0.015517241379310341 0.013448275862068967 0.016765856249852714
 endloop
endfacet
facet normal -0.15684612730095307 0.3126194059063763 0.9368395803986068
 outer loop
  vertex -0.01896551724137931 0.011379310344827587 0.016878949311062645
  vertex -0.015517241379310341 0.013448275862068967 0.016765856249852714
  vertex -0.01896551724137931 0.013448275862068967 0.01618854426800759
 endloop
endfacet
facet normal -0.11844167387003007 0.2979582335540579 0.9472024392642847
 outer loop
  vertex -0.015517241379310341 0.011379310344827587 0.017433413323813155
  vertex -0.012068965517241376 0.011379310344827587 0.017864598409639474
  vertex -0.012068965517241376 0.013448275862068967 0.017213770999101635
 endloop
endfacet
facet normal -0.12268597496485668 0.3047450830054018 0.9444991190736778
 outer loop
  vertex -0.015517241379310341 0.011379310344827587 0.017433413323813155
  vertex -0.012068965517241376 0.013448275862068967 0.017213770999101635
  vertex -0.015517241379310341 0.013448275862068967 0.016765856249852714
 endloop
endfacet
facet normal -0.08741051585964399 0.29399791055350405 0.951800730356583
 outer loop
  vertex -0.012068965517241376 0.011379310344827587 0.017864598409639474
  vertex -0.00862068965517241 0.011379310344827587 0.018181277691674574
  vertex -0.00862068965517241 0.013448275862068967 0.01754220323031297
 endloop
endfacet
facet normal -0.09048346475320239 0.29883952439047423 0.9500040427642038
 outer loop
  vertex -0.012068965517241376 0.011379310344827587 0.017864598409639474
  vertex -0.00862068965517241 0.013448275862068967 0.01754220323031297
  vertex -0.012068965517241376 0.013448275862068967 0.017213770999101635
 endloop
endfacet
facet normal -0.05762088664288882 0.2914798165756548 0.9548399603868232
 outer loop
  vertex -0.00862068965517241 0.011379310344827587 0.018181277691674574
  vertex -0.005172413793103445 0.011379310344827587 0.018389367759963287
  vertex -0.005172413793103445 0.013448275862068967 0.017757783709770665
 endloop
endfacet
facet normal -0.059627355014695994 0.29460242940588843 0.9537578241472516
 outer loop
  vertex -0.00862068965517241 0.011379310344827587 0.018181277691674574
  vertex -0.005172413793103445 0.013448275862068967 0.017757783709770665
  vertex -0.00862068965517241 0.013448275862068967 0.01754220323031297
 endloop
endfacet
facet normal -0.028617178577123658 0.2903023144774378 0.9565069907216193
 outer loop
  vertex -0.005172413793103445 0.011379310344827587 0.018389367759963287
  vertex -0.0017241379310344793 0.011379310344827587 0.018492534727988858
  vertex -0.0017241379310344793 0.013448275862068967 0.017864598409639474
 endloop
endfacet
facet normal -0.02961360360853454 0.29183685595785513 0.9560095627063312
 outer loop
  vertex -0.005172413793103445 0.011379310344827587 0.018389367759963287
  vertex -0.0017241379310344793 0.013448275862068967 0.017864598409639474
  vertex -0.005172413793103445 0.013448275862068967 0.017757783709770665
 endloop
endfacet
facet normal -0.0 0.2904212580494794 0.9568988937567843
 outer loop
  vertex -0.0017241379310344793 0.011379310344827587 0.018492534727988858
  vertex 0.0017241379310344862 0.011379310344827587 0.018492534727988858
  vertex 0.0017241379310344862 0.013448275862068967 0.017864598409639474
 endloop
endfacet
facet normal 0.0 0.2904212580494794 0.9568988937567843
 outer loop
  vertex -0.0017241379310344793 0.011379310344827587 0.018492534727988858
  vertex 0.0017241379310344862 0.013448275862068967 0.017864598409639474
  vertex -0.0017241379310344793 0.013448275862068967 0.017864598409639474
 endloop
endfacet
facet normal 0.028603138321803716 0.2918454471626821 0.9560377060809672
 outer loop
  vertex 0.0017241379310344862 0.011379310344827587 0.018492534727988858
  vertex 0.005172413793103452 0.011379310344827587 0.018389367759963287
  vertex 0.005172413793103452 0.013448275862068967 0.017757783709770665
 endloop
endfacet
facet normal 0.029628139008603366 0.2902937603072817 0.9564788058841374
 outer loop
  vertex 0.0017241379310344862 0.011379310344827587 0.018492534727988858
  vertex 0.005172413793103452 0.013448275862068967 0.017757783709770665
  vertex 0.0017241379310344862 0.013448275862068967 0.017864598409639474
 endloop
endfacet
facet normal 0.05756257175583399 0.2946381971516367 0.9538736200944481
 outer loop
  vertex 0.005172413793103452 0.011379310344827587 0.018389367759963287
  vertex 0.008620689655172417 0.011379310344827587 0.018181277691674574
  vertex 0.008620689655172417 0.013448275862068967 0.01754220323031297
 endloop
endfacet
facet normal 0.05968774698315245 0.291444360526231 0.9547238121978164
 outer loop
  vertex 0.005172413793103452 0.011379310344827587 0.018389367759963287
  vertex 0.008620689655172417 0.013448275862068967 0.01754220323031297
  vertex 0.005172413793103452 0.013448275862068967 0.017757783709770665
 endloop
endfacet
facet normal 0.08727062824309441 0.29892554927316073 0.9502775139072769
 outer loop
  vertex 0.008620689655172417 0.011379310344827587 0.018181277691674574
  vertex 0.012068965517241383 0.011379310344827587 0.017864598409639474
  vertex 0.012068965517241383 0.013448275862068967 0.017213770999101635
 endloop
endfacet
facet normal 0.09062841861504456 0.2939130324128429 0.9515259424299598
 outer loop
  vertex 0.008620689655172417 0.011379310344827587 0.018181277691674574
  vertex 0.012068965517241383 0.013448275862068967 0.017213770999101635
  vertex 0.008620689655172417 0.013448275862068967 0.01754220323031297
 endloop
endfacet
facet normal 0.1181688512561207 0.30491334684666827 0.9450206206784972
 outer loop
  vertex 0.012068965517241383 0.011379310344827587 0.017864598409639474
  vertex 0.015517241379310348 0.011379310344827587 0.017433413323813155
  vertex 0.015517241379310348 0.013448275862068967 0.016765856249852714
 endloop
endfacet
facet normal 0.12296891288315066 0.29779304835199794 0.9466773192685882
 outer loop
  vertex 0.012068965517241383 0.011379310344827587 0.017864598409639474
  vertex 0.015517241379310348 0.013448275862068967 0.016765856249852714
  vertex 0.012068965517241383 0.013448275862068967 0.017213770999101635
 endloop
endfacet
facet normal 0.15078267872536802 0.3129181798500442 0.9377349287062617
 outer loop
  vertex 0.015517241379310348 0.011379310344827587 0.017433413323813155
  vertex 0.01896551724137932 0.011379310344827587 0.016878949311062645
  vertex 0.01896551724137932 0.013448275862068967 0.016188544268007588
 endloop
endfacet
facet normal 0.1573474081997505 0.30323978113582895 0.9398337237349571
 outer loop
  vertex 0.015517241379310348 0.011379310344827587 0.017433413323813155
  vertex 0.01896551724137932 0.013448275862068967 0.016188544268007588
  vertex 0.015517241379310348 0.013448275862068967 0.016765856249852714
 endloop
endfacet
facet normal 0.18576979904881366 0.3234227118954782 0.9278401431235542
 outer loop
  vertex 0.01896551724137932 0.011379310344827587 0.016878949311062645
  vertex 0.02241379310344828 0.011379310344827587 0.01618854426800759
  vertex 0.02241379310344828 0.013448275862068967 0.015467352753107452
 endloop
endfacet
facet normal 0.1945986424471143 0.310485914262222 0.9304460572233579
 outer loop
  vertex 0.01896551724137932 0.011379310344827587 0.016878949311062645
  vertex 0.02241379310344828 0.013448275862068967 0.015467352753107452
  vertex 0.01896551724137932 0.013448275862068967 0.016188544268007588
 endloop
endfacet
facet normal 0.22399176000364318 0.33717837799388006 0.914406054695553
 outer loop
  vertex 0.02241379310344828 0.011379310344827587 0.01618854426800759
  vertex 0.02586206896551725 0.011379310344827587 0.015343858938818612
  vertex 0.02586206896551725 0.013448275862068967 0.01458094793921791
 endloop
endfacet
facet normal 0.23588373549512212 0.3198639152156617 0.9176306114509123
 outer loop
  vertex 0.02241379310344828 0.011379310344827587 0.01618854426800759
  vertex 0.02586206896551725 0.013448275862068967 0.01458094793921791
  vertex 0.02241379310344828 0.013448275862068967 0.015467352753107452
 endloop
endfacet
facet normal 0.26662302105980157 0.3554104391980511 0.8958769917516538
 outer loop
  vertex 0.02586206896551725 0.011379310344827587 0.015343858938818612
  vertex 0.02931034482758621 0.011379310344827587 0.014317613442777028
  vertex 0.02931034482758621 0.013448275862068967 0.013496817786745465
 endloop
endfacet
facet normal 0.2829296154901365 0.3318330295766889 0.8999098139039042
 outer loop
  vertex 0.02586206896551725 0.011379310344827587 0.015343858938818612
  vertex 0.02931034482758621 0.013448275862068967 0.013496817786745465
  vertex 0.02586206896551725 0.013448275862068967 0.01458094793921791
 endloop
endfacet
facet normal 0.3153104886056488 0.38027597000435964 0.8694650553141917
 outer loop
  vertex 0.02931034482758621 0.011379310344827587 0.014317613442777028
  vertex 0.03275862068965518 0.011379310344827587 0.013067100221721662
  vertex 0.03275862068965518 0.013448275862068967 0.0121622014403782
 endloop
endfacet
facet normal 0.3385213489694342 0.34698717408485263 0.8746446120067982
 outer loop
  vertex 0.02931034482758621 0.011379310344827587 0.014317613442777028
  vertex 0.03275862068965518 0.013448275862068967 0.0121622014403782
  vertex 0.02931034482758621 0.013448275862068967 0.013496817786745465
 endloop
endfacet
facet normal 0.3723285805188303 0.41607869244702417 0.8296083110844584
 outer loop
  vertex 0.03275862068965518 0.011379310344827587 0.013067100221721662
  vertex 0.03620689655172414 0.011379310344827587 0.011519512474820734
  vertex 0.03620689655172414 0.013448275862068967 0.010481851140393558
 endloop
endfacet
facet normal 0.40767979719476605 0.3659048073322015 0.8366067504690712
 outer loop
  vertex 0.03275862068965518 0.011379310344827587 0.013067100221721662
  vertex 0.03620689655172414 0.013448275862068967 0.010481851140393558
  vertex 0.03275862068965518 0.013448275862068967 0.0121622014403782
 endloop
endfacet
facet normal 0.4399497875552681 0.47357359742785393 0.7630021181158774
 outer loop
  vertex 0.03620689655172414 0.011379310344827587 0.011519512474820734
  vertex 0.03965517241379311 0.011379310344827587 0.009531224111093275
  vertex 0.03965517241379311 0.013448275862068967 0.008247076374552683
 endloop
endfacet
facet normal 0.5012700481984811 0.3879201870606229 0.773463811208995
 outer loop
  vertex 0.03620689655172414 0.011379310344827587 0.011519512474820734
  vertex 0.03965517241379311 0.013448275862068967 0.008247076374552683
  vertex 0.03620689655172414 0.013448275862068967 0.010481851140393558
 endloop
endfacet
facet normal 0.505986032937273 0.5985365946814908 0.6210733284399563
 outer loop
  vertex 0.03965517241379311 0.011379310344827587 0.009531224111093275
  vertex 0.04310344827586207 0.011379310344827587 0.006721927134351006
  vertex 0.04310344827586207 0.013448275862068967 0.00472803765544899
 endloop
endfacet
facet normal 0.6551101147058351 0.39843180583068133 0.6419367832681109
 outer loop
  vertex 0.03965517241379311 0.011379310344827587 0.009531224111093275
  vertex 0.04310344827586207 0.013448275862068967 0.00472803765544899
  vertex 0.03965517241379311 0.013448275862068967 0.008247076374552683
 endloop
endfacet
facet normal -0.47632775386187776 0.4826175827888545 0.7349776457035558
 outer loop
  vertex -0.039655172413793106 0.013448275862068967 0.008247076374552685
  vertex -0.03620689655172414 0.013448275862068967 0.010481851140393558
  vertex -0.03620689655172414 0.015517241379310348 0.009123280382981342
 endloop
endfacet
facet normal -0.5060018670361875 0.5687012883421108 0.6484912915328283
 outer loop
  vertex -0.039655172413793106 0.013448275862068967 0.008247076374552685
  vertex -0.03620689655172414 0.015517241379310348 0.009123280382981342
  vertex -0.039655172413793106 0.015517241379310348 0.006432675209026762
 endloop
endfacet
facet normal -0.39191190034535656 0.44675309006907993 0.8042491771095696
 outer loop
  vertex -0.03620689655172414 0.013448275862068967 0.010481851140393558
  vertex -0.03275862068965517 0.013448275862068967 0.012162201440378209
  vertex -0.03275862068965517 0.015517241379310348 0.01101290994666987
 endloop
endfacet
facet normal -0.41645350877006365 0.4990233444946781 0.7599619573915845
 outer loop
  vertex -0.03620689655172414 0.013448275862068967 0.010481851140393558
  vertex -0.03275862068965517 0.015517241379310348 0.01101290994666987
  vertex -0.03620689655172414 0.015517241379310348 0.009123280382981342
 endloop
endfacet
facet normal -0.32762676127163204 0.4196488518700916 0.8464960404058456
 outer loop
  vertex -0.03275862068965517 0.013448275862068967 0.012162201440378209
  vertex -0.029310344827586206 0.013448275862068967 0.013496817786745465
  vertex -0.029310344827586206 0.015517241379310348 0.01247113194484491
 endloop
endfacet
facet normal -0.3467428873988597 0.45547323097364373 0.8199472580018372
 outer loop
  vertex -0.03275862068965517 0.013448275862068967 0.012162201440378209
  vertex -0.029310344827586206 0.015517241379310348 0.01247113194484491
  vertex -0.03275862068965517 0.015517241379310348 0.01101290994666987
 endloop
endfacet
facet normal -0.2750076578968217 0.39905978657983365 0.8747125669801264
 outer loop
  vertex -0.029310344827586206 0.013448275862068967 0.013496817786745465
  vertex -0.02586206896551724 0.013448275862068967 0.014580947939217912
  vertex -0.02586206896551724 0.015517241379310348 0.013637048229851853
 endloop
endfacet
facet normal -0.2899224097147651 0.4250867103669673 0.8574650342810333
 outer loop
  vertex -0.029310344827586206 0.013448275862068967 0.013496817786745465
  vertex -0.02586206896551724 0.015517241379310348 0.013637048229851853
  vertex -0.029310344827586206 0.015517241379310348 0.01247113194484491
 endloop
endfacet
facet normal -0.22995316877801827 0.38325528129669684 0.8945596288270212
 outer loop
  vertex -0.02586206896551724 0.013448275862068967 0.014580947939217912
  vertex -0.022413793103448276 0.013448275862068967 0.015467352753107452
  vertex -0.022413793103448276 0.015517241379310348 0.014580947939217912
 endloop
endfacet
facet normal -0.2416572054669144 0.4027620091115237 0.8828275930567477
 outer loop
  vertex -0.02586206896551724 0.013448275862068967 0.014580947939217912
  vertex -0.022413793103448276 0.015517241379310348 0.014580947939217912
  vertex -0.02586206896551724 0.015517241379310348 0.013637048229851853
 endloop
endfacet
facet normal -0.19009917593952969 0.371084937656422 0.9089324905358158
 outer loop
  vertex -0.022413793103448276 0.013448275862068967 0.015467352753107452
  vertex -0.01896551724137931 0.013448275862068967 0.01618854426800759
  vertex -0.01896551724137931 0.015517241379310348 0.015343858938818612
 endloop
endfacet
facet normal -0.19928671164498024 0.3859093669702477 0.9007545542745554
 outer loop
  vertex -0.022413793103448276 0.013448275862068967 0.015467352753107452
  vertex -0.01896551724137931 0.015517241379310348 0.015343858938818612
  vertex -0.022413793103448276 0.015517241379310348 0.014580947939217912
 endloop
endfacet
facet normal -0.15393711798473614 0.3617860031540367 0.9194641111149366
 outer loop
  vertex -0.01896551724137931 0.013448275862068967 0.01618854426800759
  vertex -0.015517241379310341 0.013448275862068967 0.016765856249852714
  vertex -0.015517241379310341 0.015517241379310348 0.015951770353407415
 endloop
endfacet
facet normal -0.16108439011735812 0.37304125192188475 0.9137242711152372
 outer loop
  vertex -0.01896551724137931 0.013448275862068967 0.01618854426800759
  vertex -0.015517241379310341 0.015517241379310348 0.015951770353407415
  vertex -0.01896551724137931 0.015517241379310348 0.015343858938818612
 endloop
endfacet
facet normal -0.12043049048230973 0.354847465348184 0.9271352508119619
 outer loop
  vertex -0.015517241379310341 0.013448275862068967 0.016765856249852714
  vertex -0.012068965517241376 0.013448275862068967 0.017213770999101635
  vertex -0.012068965517241376 0.015517241379310348 0.016421904689366423
 endloop
endfacet
facet normal -0.1258620884727707 0.3632385585913576 0.9231557204706828
 outer loop
  vertex -0.015517241379310341 0.013448275862068967 0.016765856249852714
  vertex -0.012068965517241376 0.015517241379310348 0.016421904689366423
  vertex -0.015517241379310341 0.015517241379310348 0.015951770353407415
 endloop
endfacet
facet normal -0.0888216675906873 0.34992725480051656 0.932556501084081
 outer loop
  vertex -0.012068965517241376 0.013448275862068967 0.017213770999101635
  vertex -0.00862068965517241 0.013448275862068967 0.01754220323031297
  vertex -0.00862068965517241 0.015517241379310348 0.016765856249852714
 endloop
endfacet
facet normal -0.09275440639521132 0.3559081081069044 0.9299064677041644
 outer loop
  vertex -0.012068965517241376 0.013448275862068967 0.017213770999101635
  vertex -0.00862068965517241 0.015517241379310348 0.016765856249852714
  vertex -0.012068965517241376 0.015517241379310348 0.016421904689366423
 endloop
endfacet
facet normal -0.058524069152522486 0.3468028242673531 0.9361104285339513
 outer loop
  vertex -0.00862068965517241 0.013448275862068967 0.01754220323031297
  vertex -0.005172413793103445 0.013448275862068967 0.017757783709770665
  vertex -0.005172413793103445 0.015517241379310348 0.016991289647937818
 endloop
endfacet
facet normal -0.06109410737030544 0.35065956053049563 0.9345080966225949
 outer loop
  vertex -0.00862068965517241 0.013448275862068967 0.01754220323031297
  vertex -0.005172413793103445 0.015517241379310348 0.016991289647937818
  vertex -0.00862068965517241 0.015517241379310348 0.016765856249852714
 endloop
endfacet
facet normal -0.029056568577707706 0.3453421648921789 0.938026921239509
 outer loop
  vertex -0.005172413793103445 0.013448275862068967 0.017757783709770665
  vertex -0.0017241379310344793 0.013448275862068967 0.017864598409639474
  vertex -0.0017241379310344793 0.015517241379310348 0.01710289209329275
 endloop
endfacet
facet normal -0.030334992990350834 0.3472383888915885 0.9372861299945974
 outer loop
  vertex -0.005172413793103445 0.013448275862068967 0.017757783709770665
  vertex -0.0017241379310344793 0.015517241379310348 0.01710289209329275
  vertex -0.005172413793103445 0.015517241379310348 0.016991289647937818
 endloop
endfacet
facet normal -0.0 0.345488040732001 0.9384231528000377
 outer loop
  vertex -0.0017241379310344793 0.013448275862068967 0.017864598409639474
  vertex 0.0017241379310344862 0.013448275862068967 0.017864598409639474
  vertex 0.0017241379310344862 0.015517241379310348 0.01710289209329275
 endloop
endfacet
facet normal 0.0 0.345488040732001 0.9384231528000377
 outer loop
  vertex -0.0017241379310344793 0.013448275862068967 0.017864598409639474
  vertex 0.0017241379310344862 0.015517241379310348 0.01710289209329275
  vertex -0.0017241379310344793 0.015517241379310348 0.01710289209329275
 endloop
endfacet
facet normal 0.02903474327602535 0.3472518035945802 0.9373223397440212
 outer loop
  vertex 0.0017241379310344862 0.013448275862068967 0.017864598409639474
  vertex 0.005172413793103452 0.013448275862068967 0.017757783709770665
  vertex 0.005172413793103452 0.015517241379310348 0.016991289647937818
 endloop
endfacet
facet normal 0.030357793920863737 0.345328803897517 0.9379906297756756
 outer loop
  vertex 0.0017241379310344862 0.013448275862068967 0.017864598409639474
  vertex 0.005172413793103452 0.015517241379310348 0.016991289647937818
  vertex 0.0017241379310344862 0.015517241379310348 0.01710289209329275
 endloop
endfacet
facet normal 0.05843321891361735 0.350715528421038 0.9346572511095953
 outer loop
  vertex 0.005172413793103452 0.013448275862068967 0.017757783709770665
  vertex 0.008620689655172417 0.013448275862068967 0.01754220323031297
  vertex 0.008620689655172417 0.015517241379310348 0.016765856249852714
 endloop
endfacet
facet normal 0.06118906429498522 0.34674730858874164 0.9359605773734105
 outer loop
  vertex 0.005172413793103452 0.013448275862068967 0.017757783709770665
  vertex 0.008620689655172417 0.015517241379310348 0.016765856249852714
  vertex 0.005172413793103452 0.015517241379310348 0.016991289647937818
 endloop
endfacet
facet normal 0.08860288945298223 0.3560432281784961 0.9302595055406948
 outer loop
  vertex 0.008620689655172417 0.013448275862068967 0.01754220323031297
  vertex 0.012068965517241383 0.013448275862068967 0.017213770999101635
  vertex 0.012068965517241383 0.015517241379310348 0.016421904689366423
 endloop
endfacet
facet normal 0.09298326100709078 0.3497937995209832 0.9322008426241426
 outer loop
  vertex 0.008620689655172417 0.013448275862068967 0.01754220323031297
  vertex 0.012068965517241383 0.015517241379310348 0.016421904689366423
  vertex 0.008620689655172417 0.015517241379310348 0.016765856249852714
 endloop
endfacet
facet normal 0.12000132142402471 0.3635043777486303 0.923831288826087
 outer loop
  vertex 0.012068965517241383 0.013448275862068967 0.017213770999101635
  vertex 0.015517241379310348 0.013448275862068967 0.016765856249852714
  vertex 0.015517241379310348 0.015517241379310348 0.015951770353407415
 endloop
endfacet
facet normal 0.12631155618010467 0.3545861193950761 0.9264524136229021
 outer loop
  vertex 0.012068965517241383 0.013448275862068967 0.017213770999101635
  vertex 0.015517241379310348 0.015517241379310348 0.015951770353407415
  vertex 0.012068965517241383 0.015517241379310348 0.016421904689366423
 endloop
endfacet
facet normal 0.15317129922463857 0.3735171316277309 0.9148898870762693
 outer loop
  vertex 0.015517241379310348 0.013448275862068967 0.016765856249852714
  vertex 0.01896551724137932 0.013448275862068967 0.016188544268007588
  vertex 0.01896551724137932 0.015517241379310348 0.01534385893881861
 endloop
endfacet
facet normal 0.16188770612730524 0.36132045778211624 0.9182809468746268
 outer loop
  vertex 0.015517241379310348 0.013448275862068967 0.016765856249852714
  vertex 0.01896551724137932 0.015517241379310348 0.01534385893881861
  vertex 0.015517241379310348 0.015517241379310348 0.015951770353407415
 endloop
endfacet
facet normal 0.18878802012697074 0.38672716467089363 0.9026633833063962
 outer loop
  vertex 0.01896551724137932 0.013448275862068967 0.016188544268007588
  vertex 0.02241379310344828 0.013448275862068967 0.015467352753107452
  vertex 0.02241379310344828 0.015517241379310348 0.014580947939217912
 endloop
endfacet
facet normal 0.20066487385583026 0.370289315351093 0.9069836995984231
 outer loop
  vertex 0.01896551724137932 0.013448275862068967 0.016188544268007588
  vertex 0.02241379310344828 0.015517241379310348 0.014580947939217912
  vertex 0.01896551724137932 0.015517241379310348 0.01534385893881861
 endloop
endfacet
facet normal 0.22772410049066974 0.4041582899457958 0.8858881479756942
 outer loop
  vertex 0.02241379310344828 0.013448275862068967 0.015467352753107452
  vertex 0.02586206896551725 0.013448275862068967 0.01458094793921791
  vertex 0.02586206896551725 0.015517241379310348 0.01363704822985185
 endloop
endfacet
facet normal 0.24400610270473008 0.38190530538666545 0.8914086378089269
 outer loop
  vertex 0.02241379310344828 0.013448275862068967 0.015467352753107452
  vertex 0.02586206896551725 0.015517241379310348 0.01363704822985185
  vertex 0.02241379310344828 0.015517241379310348 0.014580947939217912
 endloop
endfacet
facet normal 0.2711320772707416 0.4275260559621089 0.862385568147065
 outer loop
  vertex 0.02586206896551725 0.013448275862068967 0.01458094793921791
  vertex 0.02931034482758621 0.013448275862068967 0.013496817786745465
  vertex 0.02931034482758621 0.015517241379310348 0.012471131944844909
 endloop
endfacet
facet normal 0.29401842051267 0.3967178793751967 0.8695792618176228
 outer loop
  vertex 0.02586206896551725 0.013448275862068967 0.01458094793921791
  vertex 0.02931034482758621 0.015517241379310348 0.012471131944844909
  vertex 0.02586206896551725 0.015517241379310348 0.01363704822985185
 endloop
endfacet
facet normal 0.3204945942075827 0.45998451403266816 0.8280685128259903
 outer loop
  vertex 0.02931034482758621 0.013448275862068967 0.013496817786745465
  vertex 0.03275862068965518 0.013448275862068967 0.0121622014403782
  vertex 0.03275862068965518 0.015517241379310348 0.011012909946669862
 endloop
endfacet
facet normal 0.3543035996108349 0.41535077913380675 0.8378261690683485
 outer loop
  vertex 0.02931034482758621 0.013448275862068967 0.013496817786745465
  vertex 0.03275862068965518 0.015517241379310348 0.011012909946669862
  vertex 0.02931034482758621 0.015517241379310348 0.012471131944844909
 endloop
endfacet
facet normal 0.3772386722054879 0.5083319319668755 0.7741379923085188
 outer loop
  vertex 0.03275862068965518 0.013448275862068967 0.0121622014403782
  vertex 0.03620689655172414 0.013448275862068967 0.010481851140393558
  vertex 0.03620689655172414 0.015517241379310348 0.009123280382981342
 endloop
endfacet
facet normal 0.4320308281023592 0.4379424106001265 0.788388107829475
 outer loop
  vertex 0.03275862068965518 0.013448275862068967 0.0121622014403782
  vertex 0.03620689655172414 0.015517241379310348 0.009123280382981342
  vertex 0.03275862068965518 0.015517241379310348 0.011012909946669862
 endloop
endfacet
facet normal 0.4380277012366757 0.5927204117722535 0.6758803491875197
 outer loop
  vertex 0.03620689655172414 0.013448275862068967 0.010481851140393558
  vertex 0.03965517241379311 0.013448275862068967 0.008247076374552683
  vertex 0.03965517241379311 0.015517241379310348 0.006432675209026758
 endloop
endfacet
facet normal 0.5463008801159384 0.45974068563865256 0.7001384508460117
 outer loop
  vertex 0.03620689655172414 0.013448275862068967 0.010481851140393558
  vertex 0.03965517241379311 0.015517241379310348 0.006432675209026758
  vertex 0.03620689655172414 0.015517241379310348 0.009123280382981342
 endloop
endfacet
facet normal -0.5021305736856588 0.577697345114826 0.6435298473399605
 outer loop
  vertex -0.039655172413793106 0.015517241379310348 0.006432675209026762
  vertex -0.03620689655172414 0.015517241379310348 0.009123280382981342
  vertex -0.03620689655172414 0.01758620689655173 0.007265968105415675
 endloop
endfacet
facet normal -0.5352714100413679 0.7043214170900415 0.4662787353296327
 outer loop
  vertex -0.039655172413793106 0.015517241379310348 0.006432675209026762
  vertex -0.03620689655172414 0.01758620689655173 0.007265968105415675
  vertex -0.039655172413793106 0.01758620689655173 0.0033074700160777206
 endloop
endfacet
facet normal -0.4069641228595305 0.531844078522094 0.7426453250685401
 outer loop
  vertex -0.03620689655172414 0.015517241379310348 0.009123280382981342
  vertex -0.03275862068965517 0.015517241379310348 0.01101290994666987
  vertex -0.03275862068965517 0.01758620689655173 0.009531224111093278
 endloop
endfacet
facet normal -0.4391793152833941 0.6001478657631419 0.668538755979902
 outer loop
  vertex -0.03620689655172414 0.015517241379310348 0.009123280382981342
  vertex -0.03275862068965517 0.01758620689655173 0.009531224111093278
  vertex -0.03620689655172414 0.01758620689655173 0.007265968105415675
 endloop
endfacet
facet normal -0.33796593848892315 0.4970620657793279 0.7991922967499677
 outer loop
  vertex -0.03275862068965517 0.015517241379310348 0.01101290994666987
  vertex -0.029310344827586206 0.015517241379310348 0.01247113194484491
  vertex -0.029310344827586206 0.01758620689655173 0.011184327407053002
 endloop
endfacet
facet normal -0.36315130497192494 0.5424909482498197 0.7575121786243436
 outer loop
  vertex -0.03275862068965517 0.015517241379310348 0.01101290994666987
  vertex -0.029310344827586206 0.01758620689655173 0.011184327407053002
  vertex -0.03275862068965517 0.01758620689655173 0.009531224111093278
 endloop
endfacet
facet normal -0.2825604960698764 0.47093416011646033 0.8356916793268613
 outer loop
  vertex -0.029310344827586206 0.015517241379310348 0.01247113194484491
  vertex -0.02586206896551724 0.015517241379310348 0.013637048229851853
  vertex -0.02586206896551724 0.01758620689655173 0.01247113194484491
 endloop
endfacet
facet normal -0.30207927834182924 0.5034654639030484 0.8094878851801106
 outer loop
  vertex -0.029310344827586206 0.015517241379310348 0.01247113194484491
  vertex -0.02586206896551724 0.01758620689655173 0.01247113194484491
  vertex -0.029310344827586206 0.01758620689655173 0.011184327407053002
 endloop
endfacet
facet normal -0.2356336428152899 0.45106758443745537 0.8608221771326269
 outer loop
  vertex -0.02586206896551724 0.015517241379310348 0.013637048229851853
  vertex -0.022413793103448276 0.015517241379310348 0.014580947939217912
  vertex -0.022413793103448276 0.01758620689655173 0.013496817786745463
 endloop
endfacet
facet normal -0.25084987389803737 0.4752429075939489 0.8433377256751816
 outer loop
  vertex -0.02586206896551724 0.015517241379310348 0.013637048229851853
  vertex -0.022413793103448276 0.01758620689655173 0.013496817786745463
  vertex -0.02586206896551724 0.01758620689655173 0.01247113194484491
 endloop
endfacet
facet normal -0.194419471026388 0.43587894828284035 0.8787551489064882
 outer loop
  vertex -0.022413793103448276 0.015517241379310348 0.014580947939217912
  vertex -0.01896551724137931 0.015517241379310348 0.015343858938818612
  vertex -0.01896551724137931 0.01758620689655173 0.014317613442777027
 endloop
endfacet
facet normal -0.20630340029623734 0.454152291489352 0.8667090648892402
 outer loop
  vertex -0.022413793103448276 0.015517241379310348 0.014580947939217912
  vertex -0.01896551724137931 0.01758620689655173 0.014317613442777027
  vertex -0.022413793103448276 0.01758620689655173 0.013496817786745463
 endloop
endfacet
facet normal -0.15721103385046267 0.4243356376225514 0.8917533052807437
 outer loop
  vertex -0.01896551724137931 0.015517241379310348 0.015343858938818612
  vertex -0.015517241379310341 0.015517241379310348 0.015951770353407415
  vertex -0.015517241379310341 0.01758620689655173 0.01496726511324876
 endloop
endfacet
facet normal -0.16642340049484228 0.4381611278695956 0.8833561443674782
 outer loop
  vertex -0.01896551724137931 0.015517241379310348 0.015343858938818612
  vertex -0.015517241379310341 0.01758620689655173 0.01496726511324876
  vertex -0.01896551724137931 0.01758620689655173 0.014317613442777027
 endloop
endfacet
facet normal -0.12286042097992825 0.41575582326824156 0.901139507720742
 outer loop
  vertex -0.015517241379310341 0.015517241379310348 0.015951770353407415
  vertex -0.012068965517241376 0.015517241379310348 0.016421904689366423
  vertex -0.012068965517241376 0.01758620689655173 0.015467352753107448
 endloop
endfacet
facet normal -0.12984666254744223 0.4260410559610182 0.8953372899979711
 outer loop
  vertex -0.015517241379310341 0.015517241379310348 0.015951770353407415
  vertex -0.012068965517241376 0.01758620689655173 0.015467352753107448
  vertex -0.015517241379310341 0.01758620689655173 0.01496726511324876
 endloop
endfacet
facet normal -0.09054151876612514 0.4096881756824415 0.9077212303816169
 outer loop
  vertex -0.012068965517241376 0.015517241379310348 0.016421904689366423
  vertex -0.00862068965517241 0.015517241379310348 0.016765856249852714
  vertex -0.00862068965517241 0.01758620689655173 0.015832055563102063
 endloop
endfacet
facet normal -0.09559570174228717 0.41701105528216736 0.9038601891779795
 outer loop
  vertex -0.012068965517241376 0.015517241379310348 0.016421904689366423
  vertex -0.00862068965517241 0.01758620689655173 0.015832055563102063
  vertex -0.012068965517241376 0.01758620689655173 0.015467352753107448
 endloop
endfacet
facet normal -0.059622406598692265 0.40584142910860177 0.9119966573680343
 outer loop
  vertex -0.00862068965517241 0.015517241379310348 0.016765856249852714
  vertex -0.005172413793103445 0.015517241379310348 0.016991289647937818
  vertex -0.005172413793103445 0.01758620689655173 0.016070593376180747
 endloop
endfacet
facet normal -0.06292650752594844 0.4105625517966807 0.9096585324795149
 outer loop
  vertex -0.00862068965517241 0.015517241379310348 0.016765856249852714
  vertex -0.005172413793103445 0.01758620689655173 0.016070593376180747
  vertex -0.00862068965517241 0.01758620689655173 0.015832055563102063
 endloop
endfacet
facet normal -0.029589790283475383 0.40404372129862126 0.9142609668962915
 outer loop
  vertex -0.005172413793103445 0.015517241379310348 0.016991289647937818
  vertex -0.0017241379310344793 0.015517241379310348 0.01710289209329275
  vertex -0.0017241379310344793 0.01758620689655173 0.016188544268007588
 endloop
endfacet
facet normal -0.031235883959467692 0.40636631993053185 0.9131761788282627
 outer loop
  vertex -0.005172413793103445 0.015517241379310348 0.016991289647937818
  vertex -0.0017241379310344793 0.01758620689655173 0.016188544268007588
  vertex -0.005172413793103445 0.01758620689655173 0.016070593376180747
 endloop
endfacet
facet normal -0.0 0.40422071892496225 0.9146614731100171
 outer loop
  vertex -0.0017241379310344793 0.015517241379310348 0.01710289209329275
  vertex 0.0017241379310344862 0.015517241379310348 0.01710289209329275
  vertex 0.0017241379310344862 0.01758620689655173 0.016188544268007588
 endloop
endfacet
facet normal 0.0 0.40422071892496225 0.9146614731100171
 outer loop
  vertex -0.0017241379310344793 0.015517241379310348 0.01710289209329275
  vertex 0.0017241379310344862 0.01758620689655173 0.016188544268007588
  vertex -0.0017241379310344793 0.01758620689655173 0.016188544268007588
 endloop
endfacet
facet normal 0.029556191811658118 0.406387087095725 0.9132228462798354
 outer loop
  vertex 0.0017241379310344862 0.015517241379310348 0.01710289209329275
  vertex 0.005172413793103452 0.015517241379310348 0.016991289647937818
  vertex 0.005172413793103452 0.01758620689655173 0.016070593376180747
 endloop
endfacet
facet normal 0.031271388212948094 0.40402302691831926 0.9142141401219924
 outer loop
  vertex 0.0017241379310344862 0.015517241379310348 0.01710289209329275
  vertex 0.005172413793103452 0.01758620689655173 0.016070593376180747
  vertex 0.0017241379310344862 0.01758620689655173 0.016188544268007588
 endloop
endfacet
facet normal 0.05948213539282568 0.41064943756505234 0.9098510400041402
 outer loop
  vertex 0.005172413793103452 0.015517241379310348 0.016991289647937818
  vertex 0.008620689655172417 0.015517241379310348 0.016765856249852714
  vertex 0.008620689655172417 0.01758620689655173 0.015832055563102063
 endloop
endfacet
facet normal 0.06307483826507923 0.40575515528560785 0.9118027850017713
 outer loop
  vertex 0.005172413793103452 0.015517241379310348 0.016991289647937818
  vertex 0.008620689655172417 0.01758620689655173 0.015832055563102063
  vertex 0.005172413793103452 0.01758620689655173 0.016070593376180747
 endloop
endfacet
facet normal 0.09020197539773266 0.4172218812272829 0.904317148714716
 outer loop
  vertex 0.008620689655172417 0.015517241379310348 0.016765856249852714
  vertex 0.012068965517241383 0.015517241379310348 0.016421904689366423
  vertex 0.012068965517241383 0.01758620689655173 0.015467352753107448
 endloop
endfacet
facet normal 0.0959551828508669 0.4094795962990018 0.9072590936986319
 outer loop
  vertex 0.008620689655172417 0.015517241379310348 0.016765856249852714
  vertex 0.012068965517241383 0.01758620689655173 0.015467352753107448
  vertex 0.008620689655172417 0.01758620689655173 0.015832055563102063
 endloop
endfacet
facet normal 0.12218910956965658 0.42645902621379006 0.8962156662675342
 outer loop
  vertex 0.012068965517241383 0.015517241379310348 0.016421904689366423
  vertex 0.015517241379310348 0.015517241379310348 0.015951770353407415
  vertex 0.015517241379310348 0.01758620689655173 0.014967265113248758
 endloop
endfacet
facet normal 0.13055863563634298 0.4153438601189197 0.900246588731272
 outer loop
  vertex 0.012068965517241383 0.015517241379310348 0.016421904689366423
  vertex 0.015517241379310348 0.01758620689655173 0.014967265113248758
  vertex 0.012068965517241383 0.01758620689655173 0.015467352753107448
 endloop
endfacet
facet normal 0.15599958053252574 0.4389177520054996 0.8848815388785749
 outer loop
  vertex 0.015517241379310348 0.015517241379310348 0.015951770353407415
  vertex 0.01896551724137932 0.015517241379310348 0.01534385893881861
  vertex 0.01896551724137932 0.01758620689655173 0.014317613442777027
 endloop
endfacet
facet normal 0.16771129880322663 0.42359277545790547 0.8901921594990618
 outer loop
  vertex 0.015517241379310348 0.015517241379310348 0.015951770353407415
  vertex 0.01896551724137932 0.01758620689655173 0.014317613442777027
  vertex 0.015517241379310348 0.01758620689655173 0.014967265113248758
 endloop
endfacet
facet normal 0.19231202803046735 0.45547311193590234 0.8692297326818921
 outer loop
  vertex 0.01896551724137932 0.015517241379310348 0.01534385893881861
  vertex 0.02241379310344828 0.015517241379310348 0.014580947939217912
  vertex 0.02241379310344828 0.01758620689655173 0.013496817786745463
 endloop
endfacet
facet normal 0.2085508594828507 0.43458721763273617 0.8761509511945993
 outer loop
  vertex 0.01896551724137932 0.015517241379310348 0.01534385893881861
  vertex 0.02241379310344828 0.01758620689655173 0.013496817786745463
  vertex 0.01896551724137932 0.01758620689655173 0.014317613442777027
 endloop
endfacet
facet normal 0.2319678225253774 0.47754907856608986 0.8474301191682495
 outer loop
  vertex 0.02241379310344828 0.015517241379310348 0.014580947939217912
  vertex 0.02586206896551725 0.015517241379310348 0.01363704822985185
  vertex 0.02586206896551725 0.01758620689655173 0.012471131944844909
 endloop
endfacet
facet normal 0.25477499335022835 0.448820423537526 0.8565336713632375
 outer loop
  vertex 0.02241379310344828 0.015517241379310348 0.014580947939217912
  vertex 0.02586206896551725 0.01758620689655173 0.012471131944844909
  vertex 0.02241379310344828 0.01758620689655173 0.013496817786745463
 endloop
endfacet
facet normal 0.27596448088474246 0.507629851357296 0.8161835206012091
 outer loop
  vertex 0.02586206896551725 0.015517241379310348 0.01363704822985185
  vertex 0.02931034482758621 0.015517241379310348 0.012471131944844909
  vertex 0.02931034482758621 0.01758620689655173 0.011184327407052998
 endloop
endfacet
facet normal 0.30917731277881627 0.466886323624127 0.8285086300550024
 outer loop
  vertex 0.02586206896551725 0.015517241379310348 0.01363704822985185
  vertex 0.02931034482758621 0.01758620689655173 0.011184327407052998
  vertex 0.02586206896551725 0.01758620689655173 0.012471131944844909
 endloop
endfacet
facet normal 0.3251322494935824 0.5506064341445672 0.7688443112996594
 outer loop
  vertex 0.02931034482758621 0.015517241379310348 0.012471131944844909
  vertex 0.03275862068965518 0.015517241379310348 0.011012909946669862
  vertex 0.03275862068965518 0.01758620689655173 0.009531224111093268
 endloop
endfacet
facet normal 0.3770418729738369 0.4891599880319015 0.7864870832588486
 outer loop
  vertex 0.02931034482758621 0.015517241379310348 0.012471131944844909
  vertex 0.03275862068965518 0.01758620689655173 0.009531224111093268
  vertex 0.02931034482758621 0.01758620689655173 0.011184327407052998
 endloop
endfacet
facet normal 0.37759714425866203 0.6185655162983292 0.6890552218032199
 outer loop
  vertex 0.03275862068965518 0.015517241379310348 0.011012909946669862
  vertex 0.03620689655172414 0.015517241379310348 0.009123280382981342
  vertex 0.03620689655172414 0.01758620689655173 0.007265968105415675
 endloop
endfacet
facet normal 0.4711080361233718 0.5135799974342602 0.71714210902401
 outer loop
  vertex 0.03275862068965518 0.015517241379310348 0.011012909946669862
  vertex 0.03620689655172414 0.01758620689655173 0.007265968105415675
  vertex 0.03275862068965518 0.01758620689655173 0.009531224111093268
 endloop
endfacet
facet normal 0.39559057193505104 0.7658139029220828 0.5069883287486466
 outer loop
  vertex 0.03620689655172414 0.015517241379310348 0.009123280382981342
  vertex 0.03965517241379311 0.015517241379310348 0.006432675209026758
  vertex 0.03965517241379311 0.01758620689655173 0.0033074700160777137
 endloop
endfacet
facet normal 0.6495229786901977 0.5079228601590189 0.5658040900181747
 outer loop
  vertex 0.03620689655172414 0.015517241379310348 0.009123280382981342
  vertex 0.03965517241379311 0.01758620689655173 0.0033074700160777137
  vertex 0.03620689655172414 0.01758620689655173 0.007265968105415675
 endloop
endfacet
facet normal -0.4264069709193888 0.6299613741782867 0.6490961116774282
 outer loop
  vertex -0.03620689655172414 0.01758620689655173 0.007265968105415675
  vertex -0.03275862068965517 0.01758620689655173 0.009531224111093278
  vertex -0.03275862068965517 0.01965517241379311 0.007523249734231526
 endloop
endfacet
facet normal -0.4713748374496624 0.7227812813278139 0.5053642072618793
 outer loop
  vertex -0.03620689655172414 0.01758620689655173 0.007265968105415675
  vertex -0.03275862068965517 0.01965517241379311 0.007523249734231526
  vertex -0.03620689655172414 0.01965517241379311 0.004306895171309226
 endloop
endfacet
facet normal -0.35073844867190546 0.5845640811198427 0.7316196933432965
 outer loop
  vertex -0.03275862068965517 0.01758620689655173 0.009531224111093278
  vertex -0.029310344827586206 0.01758620689655173 0.011184327407053002
  vertex -0.029310344827586206 0.01965517241379311 0.009531224111093275
 endloop
endfacet
facet normal -0.3855614743116576 0.6426024571860959 0.6621211607742294
 outer loop
  vertex -0.03275862068965517 0.01758620689655173 0.009531224111093278
  vertex -0.029310344827586206 0.01965517241379311 0.009531224111093275
  vertex -0.03275862068965517 0.01965517241379311 0.007523249734231526
 endloop
endfacet
facet normal -0.2917543804286769 0.5510324776222615 0.781820049695677
 outer loop
  vertex -0.029310344827586206 0.01758620689655173 0.011184327407053002
  vertex -0.02586206896551724 0.01758620689655173 0.01247113194484491
  vertex -0.02586206896551724 0.01965517241379311 0.011012909946669867
 endloop
endfacet
facet normal -0.31824149882460057 0.5917652019367813 0.7406323610284608
 outer loop
  vertex -0.029310344827586206 0.01758620689655173 0.011184327407053002
  vertex -0.02586206896551724 0.01965517241379311 0.011012909946669867
  vertex -0.029310344827586206 0.01965517241379311 0.009531224111093275
 endloop
endfacet
facet normal -0.24249574287528927 0.5258900421304834 0.8152517882687288
 outer loop
  vertex -0.02586206896551724 0.01758620689655173 0.01247113194484491
  vertex -0.022413793103448276 0.01758620689655173 0.013496817786745463
  vertex -0.022413793103448276 0.01965517241379311 0.012162201440378202
 endloop
endfacet
facet normal -0.26284938686743753 0.5558391992446535 0.7886399586671186
 outer loop
  vertex -0.02586206896551724 0.01758620689655173 0.01247113194484491
  vertex -0.022413793103448276 0.01965517241379311 0.012162201440378202
  vertex -0.02586206896551724 0.01965517241379311 0.011012909946669867
 endloop
endfacet
facet normal -0.19961213779505999 0.5068610673914368 0.8385981473910489
 outer loop
  vertex -0.022413793103448276 0.01758620689655173 0.013496817786745463
  vertex -0.01896551724137931 0.01758620689655173 0.014317613442777027
  vertex -0.01896551724137931 0.01965517241379311 0.013067100221721662
 endloop
endfacet
facet normal -0.2153469565641787 0.5293512274457484 0.8206174299271405
 outer loop
  vertex -0.022413793103448276 0.01758620689655173 0.013496817786745463
  vertex -0.01896551724137931 0.01965517241379311 0.013067100221721662
  vertex -0.022413793103448276 0.01965517241379311 0.012162201440378202
 endloop
endfacet
facet normal -0.16113089714662884 0.4925038771092801 0.8552641492644536
 outer loop
  vertex -0.01896551724137931 0.01758620689655173 0.014317613442777027
  vertex -0.015517241379310341 0.01758620689655173 0.01496726511324876
  vertex -0.015517241379310341 0.01965517241379311 0.013775851279612535
 endloop
endfacet
facet normal -0.1732438414061448 0.5094494786117125 0.8428806559395564
 outer loop
  vertex -0.01896551724137931 0.01758620689655173 0.014317613442777027
  vertex -0.015517241379310341 0.01965517241379311 0.013775851279612535
  vertex -0.01896551724137931 0.01965517241379311 0.013067100221721662
 endloop
endfacet
facet normal -0.12576040604297695 0.4818878098766308 0.8671611493627985
 outer loop
  vertex -0.015517241379310341 0.01758620689655173 0.01496726511324876
  vertex -0.012068965517241376 0.01758620689655173 0.015467352753107448
  vertex -0.012068965517241376 0.01965517241379311 0.014317613442777027
 endloop
endfacet
facet normal -0.13490587081672348 0.49446273555094034 0.858665830909011
 outer loop
  vertex -0.015517241379310341 0.01758620689655173 0.01496726511324876
  vertex -0.012068965517241376 0.01965517241379311 0.014317613442777027
  vertex -0.015517241379310341 0.01965517241379311 0.013775851279612535
 endloop
endfacet
facet normal -0.09258808709235891 0.47440682512233806 0.8754231036509836
 outer loop
  vertex -0.012068965517241376 0.01758620689655173 0.015467352753107448
  vertex -0.00862068965517241 0.01758620689655173 0.015832055563102063
  vertex -0.00862068965517241 0.01965517241379311 0.014710847591518302
 endloop
endfacet
facet normal -0.09918907462505346 0.48334890978976713 0.8697904108922271
 outer loop
  vertex -0.012068965517241376 0.01758620689655173 0.015467352753107448
  vertex -0.00862068965517241 0.01965517241379311 0.014710847591518302
  vertex -0.012068965517241376 0.01965517241379311 0.014317613442777027
 endloop
endfacet
facet normal -0.0609256949317791 0.46967425058957274 0.8807350101081499
 outer loop
  vertex -0.00862068965517241 0.01758620689655173 0.015832055563102063
  vertex -0.005172413793103445 0.01758620689655173 0.016070593376180747
  vertex -0.005172413793103445 0.01965517241379311 0.014967265113248758
 endloop
endfacet
facet normal -0.0652389637377944 0.47543842887597154 0.877326722469096
 outer loop
  vertex -0.00862068965517241 0.01758620689655173 0.015832055563102063
  vertex -0.005172413793103445 0.01965517241379311 0.014967265113248758
  vertex -0.00862068965517241 0.01965517241379311 0.014710847591518302
 endloop
endfacet
facet normal -0.030220637879942343 0.4674635867951248 0.8834956185894565
 outer loop
  vertex -0.005172413793103445 0.01758620689655173 0.016070593376180747
  vertex -0.0017241379310344793 0.01758620689655173 0.016188544268007588
  vertex -0.0017241379310344793 0.01965517241379311 0.01509384043326847
 endloop
endfacet
facet normal -0.03237219508142505 0.4703017639473704 0.8819117256356228
 outer loop
  vertex -0.005172413793103445 0.01758620689655173 0.016070593376180747
  vertex -0.0017241379310344793 0.01965517241379311 0.01509384043326847
  vertex -0.005172413793103445 0.01965517241379311 0.014967265113248758
 endloop
endfacet
facet normal -0.0 0.46767719731965923 0.8838993376551587
 outer loop
  vertex -0.0017241379310344793 0.01758620689655173 0.016188544268007588
  vertex 0.0017241379310344862 0.01758620689655173 0.016188544268007588
  vertex 0.0017241379310344862 0.01965517241379311 0.01509384043326847
 endloop
endfacet
facet normal 0.0 0.46767719731965923 0.8838993376551587
 outer loop
  vertex -0.0017241379310344793 0.01758620689655173 0.016188544268007588
  vertex 0.0017241379310344862 0.01965517241379311 0.01509384043326847
  vertex -0.0017241379310344793 0.01965517241379311 0.01509384043326847
 endloop
endfacet
facet normal 0.030168540472107142 0.4703342048930719 0.8819725590251573
 outer loop
  vertex 0.0017241379310344862 0.01758620689655173 0.016188544268007588
  vertex 0.005172413793103452 0.01758620689655173 0.016070593376180747
  vertex 0.005172413793103452 0.01965517241379311 0.014967265113248758
 endloop
endfacet
facet normal 0.032428090201881005 0.46743123240423984 0.8834344695216009
 outer loop
  vertex 0.0017241379310344862 0.01758620689655173 0.016188544268007588
  vertex 0.005172413793103452 0.01965517241379311 0.014967265113248758
  vertex 0.0017241379310344862 0.01965517241379311 0.01509384043326847
 endloop
endfacet
facet normal 0.06070731409584787 0.4755746661938492 0.8775781212461241
 outer loop
  vertex 0.005172413793103452 0.01758620689655173 0.016070593376180747
  vertex 0.008620689655172417 0.01758620689655173 0.015832055563102063
  vertex 0.008620689655172417 0.01965517241379311 0.014710847591518302
 endloop
endfacet
facet normal 0.06547351099365085 0.46953873423036546 0.8804808892960202
 outer loop
  vertex 0.005172413793103452 0.01758620689655173 0.016070593376180747
  vertex 0.008620689655172417 0.01965517241379311 0.014710847591518302
  vertex 0.005172413793103452 0.01965517241379311 0.014967265113248758
 endloop
endfacet
facet normal 0.09205570260225535 0.4836817682844391 0.8703893925408577
 outer loop
  vertex 0.008620689655172417 0.01758620689655173 0.015832055563102063
  vertex 0.012068965517241383 0.01758620689655173 0.015467352753107448
  vertex 0.012068965517241383 0.01965517241379311 0.014317613442777027
 endloop
endfacet
facet normal 0.09976191733990944 0.4740765662562862 0.8748136768337096
 outer loop
  vertex 0.008620689655172417 0.01758620689655173 0.015832055563102063
  vertex 0.012068965517241383 0.01965517241379311 0.014317613442777027
  vertex 0.008620689655172417 0.01965517241379311 0.014710847591518302
 endloop
endfacet
facet normal 0.1246963407758067 0.4951296984867589 0.8598240542538544
 outer loop
  vertex 0.012068965517241383 0.01758620689655173 0.015467352753107448
  vertex 0.015517241379310348 0.01758620689655173 0.014967265113248758
  vertex 0.015517241379310348 0.01965517241379311 0.013775851279612533
 endloop
endfacet
facet normal 0.1360539175852695 0.4812275816708162 0.8659730631774633
 outer loop
  vertex 0.012068965517241383 0.01758620689655173 0.015467352753107448
  vertex 0.015517241379310348 0.01965517241379311 0.013775851279612533
  vertex 0.012068965517241383 0.01965517241379311 0.014317613442777027
 endloop
endfacet
facet normal 0.1591800855254875 0.5106757218931521 0.8449094670087479
 outer loop
  vertex 0.015517241379310348 0.01758620689655173 0.014967265113248758
  vertex 0.01896551724137932 0.01758620689655173 0.014317613442777027
  vertex 0.01896551724137932 0.01965517241379311 0.013067100221721662
 endloop
endfacet
facet normal 0.1753566384336516 0.49129221166295334 0.8531600155402111
 outer loop
  vertex 0.015517241379310348 0.01758620689655173 0.014967265113248758
  vertex 0.01896551724137932 0.01965517241379311 0.013067100221721662
  vertex 0.015517241379310348 0.01965517241379311 0.013775851279612533
 endloop
endfacet
facet normal 0.1961399387734512 0.5315402734304409 0.8240109599631784
 outer loop
  vertex 0.01896551724137932 0.01758620689655173 0.014317613442777027
  vertex 0.02241379310344828 0.01758620689655173 0.013496817786745463
  vertex 0.02241379310344828 0.01965517241379311 0.012162201440378202
 endloop
endfacet
facet normal 0.21912700594817355 0.5046995746523195 0.8350219725312364
 outer loop
  vertex 0.01896551724137932 0.01758620689655173 0.014317613442777027
  vertex 0.02241379310344828 0.01965517241379311 0.012162201440378202
  vertex 0.01896551724137932 0.01965517241379311 0.013067100221721662
 endloop
endfacet
facet normal 0.23624701536969156 0.55978900611669 0.7942440533990804
 outer loop
  vertex 0.02241379310344828 0.01758620689655173 0.013496817786745463
  vertex 0.02586206896551725 0.01758620689655173 0.012471131944844909
  vertex 0.02586206896551725 0.01965517241379311 0.011012909946669862
 endloop
endfacet
facet normal 0.26970012690597217 0.5219827461186863 0.8091945713493742
 outer loop
  vertex 0.02241379310344828 0.01758620689655173 0.013496817786745463
  vertex 0.02586206896551725 0.01965517241379311 0.011012909946669862
  vertex 0.02241379310344828 0.01965517241379311 0.012162201440378202
 endloop
endfacet
facet normal 0.27988932095401536 0.5992699297426013 0.7500250124643831
 outer loop
  vertex 0.02586206896551725 0.01758620689655173 0.012471131944844909
  vertex 0.02931034482758621 0.01758620689655173 0.011184327407052998
  vertex 0.02931034482758621 0.01965517241379311 0.009531224111093271
 endloop
endfacet
facet normal 0.3313755259200461 0.5435464904805468 0.7711987250427049
 outer loop
  vertex 0.02586206896551725 0.01758620689655173 0.012471131944844909
  vertex 0.02931034482758621 0.01965517241379311 0.009531224111093271
  vertex 0.02586206896551725 0.01965517241379311 0.011012909946669862
 endloop
endfacet
facet normal 0.3253078560434888 0.6585692911867 0.6785729787592756
 outer loop
  vertex 0.02931034482758621 0.01758620689655173 0.011184327407052998
  vertex 0.03275862068965518 0.01758620689655173 0.009531224111093268
  vertex 0.03275862068965518 0.01965517241379311 0.007523249734231514
 endloop
endfacet
facet normal 0.4140941995261312 0.5681849446242391 0.7111201464036602
 outer loop
  vertex 0.02931034482758621 0.01758620689655173 0.011184327407052998
  vertex 0.03275862068965518 0.01965517241379311 0.007523249734231514
  vertex 0.02931034482758621 0.01965517241379311 0.009531224111093271
 endloop
endfacet
facet normal 0.35229646093893546 0.7670000798534191 0.5362817180500842
 outer loop
  vertex 0.03275862068965518 0.01758620689655173 0.009531224111093268
  vertex 0.03620689655172414 0.01758620689655173 0.007265968105415675
  vertex 0.03620689655172414 0.01965517241379311 0.004306895171309226
 endloop
endfacet
facet normal 0.5562377109148768 0.5787665554853668 0.5963462779357154
 outer loop
  vertex 0.03275862068965518 0.01758620689655173 0.009531224111093268
  vertex 0.03620689655172414 0.01965517241379311 0.004306895171309226
  vertex 0.03275862068965518 0.01965517241379311 0.007523249734231514
 endloop
endfacet
facet normal -0.3655311149958567 0.6872776557375723 0.6277232096185011
 outer loop
  vertex -0.03275862068965517 0.01965517241379311 0.007523249734231526
  vertex -0.029310344827586206 0.01965517241379311 0.009531224111093275
  vertex -0.029310344827586206 0.021724137931034483 0.007265968105415681
 endloop
endfacet
facet normal -0.42108372399505806 0.7628259408734908 0.4906985646167384
 outer loop
  vertex -0.03275862068965517 0.01965517241379311 0.007523249734231526
  vertex -0.029310344827586206 0.021724137931034483 0.007265968105415681
  vertex -0.03275862068965517 0.021724137931034483 0.004306895171309247
 endloop
endfacet
facet normal -0.3024188104194621 0.6428032977289342 0.7038087691506014
 outer loop
  vertex -0.029310344827586206 0.01965517241379311 0.009531224111093275
  vertex -0.02586206896551724 0.01965517241379311 0.011012909946669867
  vertex -0.02586206896551724 0.021724137931034483 0.009123280382981347
 endloop
endfacet
facet normal -0.34141503364761294 0.6940068405482336 0.6338692925766779
 outer loop
  vertex -0.029310344827586206 0.01965517241379311 0.009531224111093275
  vertex -0.02586206896551724 0.021724137931034483 0.009123280382981347
  vertex -0.029310344827586206 0.021724137931034483 0.007265968105415681
 endloop
endfacet
facet normal -0.25046968930672786 0.6103424296152065 0.7514965424737481
 outer loop
  vertex -0.02586206896551724 0.01965517241379311 0.011012909946669867
  vertex -0.022413793103448276 0.01965517241379311 0.012162201440378202
  vertex -0.022413793103448276 0.021724137931034483 0.010481851140393562
 endloop
endfacet
facet normal -0.2793324644069211 0.6475369795322046 0.7089917026782935
 outer loop
  vertex -0.02586206896551724 0.01965517241379311 0.011012909946669867
  vertex -0.022413793103448276 0.021724137931034483 0.010481851140393562
  vertex -0.02586206896551724 0.021724137931034483 0.009123280382981347
 endloop
endfacet
facet normal -0.20564658109126047 0.5861726115127925 0.7836524441343551
 outer loop
  vertex -0.022413793103448276 0.01965517241379311 0.012162201440378202
  vertex -0.01896551724137931 0.01965517241379311 0.013067100221721662
  vertex -0.01896551724137931 0.021724137931034483 0.011519512474820734
 endloop
endfacet
facet normal -0.22746425198799944 0.6139119630247138 0.7558916031566183
 outer loop
  vertex -0.022413793103448276 0.01965517241379311 0.012162201440378202
  vertex -0.01896551724137931 0.021724137931034483 0.011519512474820734
  vertex -0.022413793103448276 0.021724137931034483 0.010481851140393562
 endloop
endfacet
facet normal -0.16568115190168842 0.5681329861974166 0.8060860164392729
 outer loop
  vertex -0.01896551724137931 0.01965517241379311 0.013067100221721662
  vertex -0.015517241379310341 0.01965517241379311 0.013775851279612535
  vertex -0.015517241379310341 0.021724137931034483 0.012317635241028795
 endloop
endfacet
facet normal -0.18223851726833984 0.588944684282558 0.787358420085259
 outer loop
  vertex -0.01896551724137931 0.01965517241379311 0.013067100221721662
  vertex -0.015517241379310341 0.021724137931034483 0.012317635241028795
  vertex -0.01896551724137931 0.021724137931034483 0.011519512474820734
 endloop
endfacet
facet normal -0.12912028811606643 0.5548921307609476 0.8218410274599337
 outer loop
  vertex -0.015517241379310341 0.01965517241379311 0.013775851279612535
  vertex -0.012068965517241376 0.01965517241379311 0.014317613442777027
  vertex -0.012068965517241376 0.021724137931034483 0.01292068551392772
 endloop
endfacet
facet normal -0.14150915015805718 0.5702977060681975 0.8091573931410974
 outer loop
  vertex -0.015517241379310341 0.01965517241379311 0.013775851279612535
  vertex -0.012068965517241376 0.021724137931034483 0.01292068551392772
  vertex -0.015517241379310341 0.021724137931034483 0.012317635241028795
 endloop
endfacet
facet normal -0.09495300493018759 0.5456074330450822 0.8326442552859437
 outer loop
  vertex -0.012068965517241376 0.01965517241379311 0.014317613442777027
  vertex -0.00862068965517241 0.01965517241379311 0.014710847591518302
  vertex -0.00862068965517241 0.021724137931034483 0.013355114986922125
 endloop
endfacet
facet normal -0.10384876759950519 0.5565508053447924 0.8242976613688329
 outer loop
  vertex -0.012068965517241376 0.01965517241379311 0.014317613442777027
  vertex -0.00862068965517241 0.021724137931034483 0.013355114986922125
  vertex -0.012068965517241376 0.021724137931034483 0.01292068551392772
 endloop
endfacet
facet normal -0.0624266381529708 0.5397509985821964 0.8395068638066276
 outer loop
  vertex -0.00862068965517241 0.01965517241379311 0.014710847591518302
  vertex -0.005172413793103445 0.01965517241379311 0.014967265113248758
  vertex -0.005172413793103445 0.021724137931034483 0.013637048229851853
 endloop
endfacet
facet normal -0.06822716111544642 0.546806671217924 0.8344743967298817
 outer loop
  vertex -0.00862068965517241 0.01965517241379311 0.014710847591518302
  vertex -0.005172413793103445 0.021724137931034483 0.013637048229851853
  vertex -0.00862068965517241 0.021724137931034483 0.013355114986922125
 endloop
endfacet
facet normal -0.030944003242962915 0.5370170193073938 0.8430036711886264
 outer loop
  vertex -0.005172413793103445 0.01965517241379311 0.014967265113248758
  vertex -0.0017241379310344793 0.01965517241379311 0.01509384043326847
  vertex -0.0017241379310344793 0.021724137931034483 0.013775851279612537
 endloop
endfacet
facet normal -0.03383922093732301 0.5404960852737636 0.8406657414990167
 outer loop
  vertex -0.005172413793103445 0.01965517241379311 0.014967265113248758
  vertex -0.0017241379310344793 0.021724137931034483 0.013775851279612537
  vertex -0.005172413793103445 0.021724137931034483 0.013637048229851853
 endloop
endfacet
facet normal -0.0 0.5372743094068084 0.8434075624817678
 outer loop
  vertex -0.0017241379310344793 0.01965517241379311 0.01509384043326847
  vertex 0.0017241379310344862 0.01965517241379311 0.01509384043326847
  vertex 0.0017241379310344862 0.021724137931034483 0.013775851279612537
 endloop
endfacet
facet normal 0.0 0.5372743094068084 0.8434075624817678
 outer loop
  vertex -0.0017241379310344793 0.01965517241379311 0.01509384043326847
  vertex 0.0017241379310344862 0.021724137931034483 0.013775851279612537
  vertex -0.0017241379310344793 0.021724137931034483 0.013775851279612537
 endloop
endfacet
facet normal 0.030861161392101707 0.5405482142782286 0.8407468208433195
 outer loop
  vertex 0.0017241379310344862 0.01965517241379311 0.01509384043326847
  vertex 0.005172413793103452 0.01965517241379311 0.014967265113248758
  vertex 0.005172413793103452 0.021724137931034483 0.013637048229851853
 endloop
endfacet
facet normal 0.033930039322933765 0.5369649524734144 0.84292193722003
 outer loop
  vertex 0.0017241379310344862 0.01965517241379311 0.01509384043326847
  vertex 0.005172413793103452 0.021724137931034483 0.013637048229851853
  vertex 0.0017241379310344862 0.021724137931034483 0.013775851279612537
 endloop
endfacet
facet normal 0.06207739234110576 0.5470267413681597 0.8348102428625689
 outer loop
  vertex 0.005172413793103452 0.01965517241379311 0.014967265113248758
  vertex 0.008620689655172417 0.01965517241379311 0.014710847591518302
  vertex 0.008620689655172417 0.021724137931034483 0.013355114986922125
 endloop
endfacet
facet normal 0.06861069397885214 0.5395314068195686 0.8391653196641514
 outer loop
  vertex 0.005172413793103452 0.01965517241379311 0.014967265113248758
  vertex 0.008620689655172417 0.021724137931034483 0.013355114986922125
  vertex 0.005172413793103452 0.021724137931034483 0.013637048229851853
 endloop
endfacet
facet normal 0.0940928842662606 0.5570937754611848 0.825101844909378
 outer loop
  vertex 0.008620689655172417 0.01965517241379311 0.014710847591518302
  vertex 0.012068965517241383 0.01965517241379311 0.014317613442777027
  vertex 0.012068965517241383 0.021724137931034483 0.01292068551392772
 endloop
endfacet
facet normal 0.10479619366476552 0.545065906055319 0.8318178381409425
 outer loop
  vertex 0.008620689655172417 0.01965517241379311 0.014710847591518302
  vertex 0.012068965517241383 0.021724137931034483 0.01292068551392772
  vertex 0.008620689655172417 0.021724137931034483 0.013355114986922125
 endloop
endfacet
facet normal 0.12737383709042613 0.5714025599237513 0.8107249966156498
 outer loop
  vertex 0.012068965517241383 0.01965517241379311 0.014317613442777027
  vertex 0.015517241379310348 0.01965517241379311 0.013775851279612533
  vertex 0.015517241379310348 0.021724137931034483 0.012317635241028793
 endloop
endfacet
facet normal 0.1434417632800693 0.5537896653460391 0.8202081852206954
 outer loop
  vertex 0.012068965517241383 0.01965517241379311 0.014317613442777027
  vertex 0.015517241379310348 0.021724137931034483 0.012317635241028793
  vertex 0.012068965517241383 0.021724137931034483 0.01292068551392772
 endloop
endfacet
facet normal 0.16240306794502518 0.5910232166208158 0.7901372038685609
 outer loop
  vertex 0.015517241379310348 0.01965517241379311 0.013775851279612533
  vertex 0.01896551724137932 0.01965517241379311 0.013067100221721662
  vertex 0.01896551724137932 0.021724137931034483 0.011519512474820732
 endloop
endfacet
facet normal 0.18589036795708871 0.5660539277291184 0.8031361789903478
 outer loop
  vertex 0.015517241379310348 0.01965517241379311 0.013775851279612533
  vertex 0.01896551724137932 0.021724137931034483 0.011519512474820732
  vertex 0.015517241379310348 0.021724137931034483 0.012317635241028793
 endloop
endfacet
facet normal 0.19960222185288146 0.6177516945967805 0.7606193508281255
 outer loop
  vertex 0.01896551724137932 0.01965517241379311 0.013067100221721662
  vertex 0.02241379310344828 0.01965517241379311 0.012162201440378202
  vertex 0.02241379310344828 0.021724137931034483 0.010481851140393562
 endloop
endfacet
facet normal 0.23426310262574587 0.5823073725923902 0.778485017564697
 outer loop
  vertex 0.01896551724137932 0.01965517241379311 0.013067100221721662
  vertex 0.02241379310344828 0.021724137931034483 0.010481851140393562
  vertex 0.01896551724137932 0.021724137931034483 0.011519512474820732
 endloop
endfacet
facet normal 0.23896899016132936 0.6548423834534413 0.716990428509538
 outer loop
  vertex 0.02241379310344828 0.01965517241379311 0.012162201440378202
  vertex 0.02586206896551725 0.01965517241379311 0.011012909946669862
  vertex 0.02586206896551725 0.021724137931034483 0.009123280382981342
 endloop
endfacet
facet normal 0.29245608400192674 0.6028745844407807 0.742301606064283
 outer loop
  vertex 0.02241379310344828 0.01965517241379311 0.012162201440378202
  vertex 0.02586206896551725 0.021724137931034483 0.009123280382981342
  vertex 0.02241379310344828 0.021724137931034483 0.010481851140393562
 endloop
endfacet
facet normal 0.27832831270481845 0.7091976661158533 0.6477437925003336
 outer loop
  vertex 0.02586206896551725 0.01965517241379311 0.011012909946669862
  vertex 0.02931034482758621 0.01965517241379311 0.009531224111093271
  vertex 0.02931034482758621 0.021724137931034483 0.007265968105415678
 endloop
endfacet
facet normal 0.3695543749280071 0.6266410524941154 0.6861126403883238
 outer loop
  vertex 0.02586206896551725 0.01965517241379311 0.011012909946669862
  vertex 0.02931034482758621 0.021724137931034483 0.007265968105415678
  vertex 0.02586206896551725 0.021724137931034483 0.009123280382981342
 endloop
endfacet
facet normal 0.30047343887814487 0.8021592367819449 0.51600026295938
 outer loop
  vertex 0.02931034482758621 0.01965517241379311 0.009531224111093271
  vertex 0.03275862068965518 0.01965517241379311 0.007523249734231514
  vertex 0.03275862068965518 0.021724137931034483 0.004306895171309226
 endloop
endfacet
facet normal 0.5008866270194077 0.6390720254202048 0.5836947260327421
 outer loop
  vertex 0.02931034482758621 0.01965517241379311 0.009531224111093271
  vertex 0.03275862068965518 0.021724137931034483 0.004306895171309226
  vertex 0.02931034482758621 0.021724137931034483 0.007265968105415678
 endloop
endfacet
facet normal -0.31194615661298974 0.753170726965955 0.5791575359226183
 outer loop
  vertex -0.029310344827586206 0.021724137931034483 0.007265968105415681
  vertex -0.02586206896551724 0.021724137931034483 0.009123280382981347
  vertex -0.02586206896551724 0.023793103448275864 0.006432675209026765
 endloop
endfacet
facet normal -0.38708508782844364 0.8171599868264466 0.4271003286239048
 outer loop
  vertex -0.029310344827586206 0.021724137931034483 0.007265968105415681
  vertex -0.02586206896551724 0.023793103448275864 0.006432675209026765
  vertex -0.029310344827586206 0.023793103448275864 0.003307470016077727
 endloop
endfacet
facet normal -0.25855667186471154 0.7088526952197813 0.6562593267252632
 outer loop
  vertex -0.02586206896551724 0.021724137931034483 0.009123280382981347
  vertex -0.022413793103448276 0.021724137931034483 0.010481851140393562
  vertex -0.022413793103448276 0.023793103448275864 0.008247076374552685
 endloop
endfacet
facet normal -0.3054184713170509 0.7548500801629147 0.5804488899605176
 outer loop
  vertex -0.02586206896551724 0.021724137931034483 0.009123280382981347
  vertex -0.022413793103448276 0.023793103448275864 0.008247076374552685
  vertex -0.02586206896551724 0.023793103448275864 0.006432675209026765
 endloop
endfacet
facet normal -0.212038424711698 0.6771533873494882 0.7046296874578133
 outer loop
  vertex -0.022413793103448276 0.021724137931034483 0.010481851140393562
  vertex -0.01896551724137931 0.021724137931034483 0.011519512474820734
  vertex -0.01896551724137931 0.023793103448275864 0.009531224111093275
 endloop
endfacet
facet normal -0.24526800774992466 0.7113910897098074 0.6586093848829332
 outer loop
  vertex -0.022413793103448276 0.021724137931034483 0.010481851140393562
  vertex -0.01896551724137931 0.023793103448275864 0.009531224111093275
  vertex -0.022413793103448276 0.023793103448275864 0.008247076374552685
 endloop
endfacet
facet normal -0.17059122802890098 0.6539692834708118 0.7370365046564957
 outer loop
  vertex -0.01896551724137931 0.021724137931034483 0.011519512474820734
  vertex -0.015517241379310341 0.021724137931034483 0.012317635241028795
  vertex -0.015517241379310341 0.023793103448275864 0.010481851140393558
 endloop
endfacet
facet normal -0.19495925589893726 0.6796132236182101 0.7071893344943753
 outer loop
  vertex -0.01896551724137931 0.021724137931034483 0.011519512474820734
  vertex -0.015517241379310341 0.023793103448275864 0.010481851140393558
  vertex -0.01896551724137931 0.023793103448275864 0.009531224111093275
 endloop
endfacet
facet normal -0.13277407800215538 0.637159003935147 0.7592097522523329
 outer loop
  vertex -0.015517241379310341 0.021724137931034483 0.012317635241028795
  vertex -0.012068965517241376 0.021724137931034483 0.01292068551392772
  vertex -0.012068965517241376 0.023793103448275864 0.011184327407053002
 endloop
endfacet
facet normal -0.15064238536471583 0.6561239362799707 0.739464841606486
 outer loop
  vertex -0.015517241379310341 0.021724137931034483 0.012317635241028795
  vertex -0.012068965517241376 0.023793103448275864 0.011184327407053002
  vertex -0.015517241379310341 0.023793103448275864 0.010481851140393558
 endloop
endfacet
facet normal -0.09752916272274773 0.6254611476520554 0.7741359151960161
 outer loop
  vertex -0.012068965517241376 0.021724137931034483 0.01292068551392772
  vertex -0.00862068965517241 0.021724137931034483 0.013355114986922125
  vertex -0.00862068965517241 0.023793103448275864 0.011683499549032696
 endloop
endfacet
facet normal -0.11020941461572438 0.6389345959992635 0.7613254671724289
 outer loop
  vertex -0.012068965517241376 0.021724137931034483 0.01292068551392772
  vertex -0.00862068965517241 0.023793103448275864 0.011683499549032696
  vertex -0.012068965517241376 0.023793103448275864 0.011184327407053002
 endloop
endfacet
facet normal -0.0640572952416685 0.6181148240299971 0.7834735013008975
 outer loop
  vertex -0.00862068965517241 0.021724137931034483 0.013355114986922125
  vertex -0.005172413793103445 0.021724137931034483 0.013637048229851853
  vertex -0.005172413793103445 0.023793103448275864 0.01200475530036497
 endloop
endfacet
facet normal -0.0722776692046982 0.6268135130976205 0.7758097436437335
 outer loop
  vertex -0.00862068965517241 0.021724137931034483 0.013355114986922125
  vertex -0.005172413793103445 0.023793103448275864 0.01200475530036497
  vertex -0.00862068965517241 0.023793103448275864 0.011683499549032696
 endloop
endfacet
facet normal -0.03172458137812266 0.6146882906973499 0.7881318774265846
 outer loop
  vertex -0.005172413793103445 0.021724137931034483 0.013637048229851853
  vertex -0.0017241379310344793 0.021724137931034483 0.013775851279612537
  vertex -0.0017241379310344793 0.023793103448275864 0.012162201440378202
 endloop
endfacet
facet normal -0.035823526835251696 0.6189893419801692 0.7845819711413468
 outer loop
  vertex -0.005172413793103445 0.021724137931034483 0.013637048229851853
  vertex -0.0017241379310344793 0.023793103448275864 0.012162201440378202
  vertex -0.005172413793103445 0.023793103448275864 0.01200475530036497
 endloop
endfacet
facet normal -0.0 0.6149978506114663 0.7885287843466949
 outer loop
  vertex -0.0017241379310344793 0.021724137931034483 0.013775851279612537
  vertex 0.0017241379310344862 0.021724137931034483 0.013775851279612537
  vertex 0.0017241379310344862 0.023793103448275864 0.012162201440378202
 endloop
endfacet
facet normal 0.0 0.6149978506114663 0.7885287843466949
 outer loop
  vertex -0.0017241379310344793 0.021724137931034483 0.013775851279612537
  vertex 0.0017241379310344862 0.023793103448275864 0.012162201440378202
  vertex -0.0017241379310344793 0.023793103448275864 0.012162201440378202
 endloop
endfacet
facet normal 0.03158620333022485 0.6190778523257049 0.7846941598603716
 outer loop
  vertex 0.0017241379310344862 0.021724137931034483 0.013775851279612537
  vertex 0.005172413793103452 0.021724137931034483 0.013637048229851853
  vertex 0.005172413793103452 0.023793103448275864 0.01200475530036497
 endloop
endfacet
facet normal 0.035980423280364375 0.614599636390618 0.7880182079679924
 outer loop
  vertex 0.0017241379310344862 0.021724137931034483 0.013775851279612537
  vertex 0.005172413793103452 0.023793103448275864 0.01200475530036497
  vertex 0.0017241379310344862 0.023793103448275864 0.012162201440378202
 endloop
endfacet
facet normal 0.06346881351924305 0.6271901307841172 0.7762758849516461
 outer loop
  vertex 0.005172413793103452 0.021724137931034483 0.013637048229851853
  vertex 0.008620689655172417 0.021724137931034483 0.013355114986922125
  vertex 0.008620689655172417 0.023793103448275864 0.011683499549032696
 endloop
endfacet
facet normal 0.07294701067497625 0.6177367474261615 0.7829942812772848
 outer loop
  vertex 0.005172413793103452 0.021724137931034483 0.013637048229851853
  vertex 0.008620689655172417 0.023793103448275864 0.011683499549032696
  vertex 0.005172413793103452 0.023793103448275864 0.01200475530036497
 endloop
endfacet
facet normal 0.09605685867032704 0.6398779535049678 0.7624495291628706
 outer loop
  vertex 0.008620689655172417 0.021724137931034483 0.013355114986922125
  vertex 0.012068965517241383 0.021724137931034483 0.01292068551392772
  vertex 0.012068965517241383 0.023793103448275864 0.011184327407053002
 endloop
endfacet
facet normal 0.11189354910144289 0.6245106258547954 0.7729594503361317
 outer loop
  vertex 0.008620689655172417 0.021724137931034483 0.013355114986922125
  vertex 0.012068965517241383 0.023793103448275864 0.011184327407053002
  vertex 0.008620689655172417 0.023793103448275864 0.011683499549032696
 endloop
endfacet
facet normal 0.12970870617112 0.6580910171835122 0.7416817812551314
 outer loop
  vertex 0.012068965517241383 0.021724137931034483 0.01292068551392772
  vertex 0.015517241379310348 0.021724137931034483 0.012317635241028793
  vertex 0.015517241379310348 0.023793103448275864 0.010481851140393557
 endloop
endfacet
facet normal 0.1541804718668655 0.6351638362599802 0.7568324009993332
 outer loop
  vertex 0.012068965517241383 0.021724137931034483 0.01292068551392772
  vertex 0.015517241379310348 0.023793103448275864 0.010481851140393557
  vertex 0.012068965517241383 0.023793103448275864 0.011184327407053002
 endloop
endfacet
facet normal 0.16460874569356768 0.6834572062667977 0.7111892912883139
 outer loop
  vertex 0.015517241379310348 0.021724137931034483 0.012317635241028793
  vertex 0.01896551724137932 0.021724137931034483 0.011519512474820732
  vertex 0.01896551724137932 0.023793103448275864 0.009531224111093271
 endloop
endfacet
facet normal 0.2019609749218879 0.6500213986539173 0.7325871592517887
 outer loop
  vertex 0.015517241379310348 0.021724137931034483 0.012317635241028793
  vertex 0.01896551724137932 0.023793103448275864 0.009531224111093271
  vertex 0.015517241379310348 0.023793103448275864 0.010481851140393557
 endloop
endfacet
facet normal 0.2002917010659909 0.7189353348391457 0.6655938842896749
 outer loop
  vertex 0.01896551724137932 0.021724137931034483 0.011519512474820732
  vertex 0.02241379310344828 0.021724137931034483 0.010481851140393562
  vertex 0.02241379310344828 0.023793103448275864 0.008247076374552685
 endloop
endfacet
facet normal 0.2593258802406499 0.6692047124900875 0.6963584857086697
 outer loop
  vertex 0.01896551724137932 0.021724137931034483 0.011519512474820732
  vertex 0.02241379310344828 0.023793103448275864 0.008247076374552685
  vertex 0.01896551724137932 0.023793103448275864 0.009531224111093271
 endloop
endfacet
facet normal 0.23352365167207925 0.770809987875883 0.5927214073243167
 outer loop
  vertex 0.02241379310344828 0.021724137931034483 0.010481851140393562
  vertex 0.02586206896551725 0.021724137931034483 0.009123280382981342
  vertex 0.02586206896551725 0.023793103448275864 0.006432675209026758
 endloop
endfacet
facet normal 0.3366039751050851 0.690984702408716 0.6397170507189825
 outer loop
  vertex 0.02241379310344828 0.021724137931034483 0.010481851140393562
  vertex 0.02586206896551725 0.023793103448275864 0.006432675209026758
  vertex 0.02241379310344828 0.023793103448275864 0.008247076374552685
 endloop
endfacet
facet normal 0.24207409417566603 0.8598893598805976 0.44943344523206896
 outer loop
  vertex 0.02586206896551725 0.021724137931034483 0.009123280382981342
  vertex 0.02931034482758621 0.021724137931034483 0.007265968105415678
  vertex 0.02931034482758621 0.023793103448275864 0.0033074700160777206
 endloop
endfacet
facet normal 0.4835737803342974 0.6938777003036141 0.5335636194443589
 outer loop
  vertex 0.02586206896551725 0.021724137931034483 0.009123280382981342
  vertex 0.02931034482758621 0.023793103448275864 0.0033074700160777206
  vertex 0.02586206896551725 0.023793103448275864 0.006432675209026758
 endloop
endfacet
facet normal -0.21564116397924485 0.7862543807460234 0.5790534838470137
 outer loop
  vertex -0.022413793103448276 0.023793103448275864 0.008247076374552685
  vertex -0.01896551724137931 0.023793103448275864 0.009531224111093275
  vertex -0.01896551724137931 0.025862068965517244 0.006721927134350999
 endloop
endfacet
facet normal -0.2812337546302896 0.8272545378726189 0.48637177634573925
 outer loop
  vertex -0.022413793103448276 0.023793103448275864 0.008247076374552685
  vertex -0.01896551724137931 0.025862068965517244 0.006721927134350999
  vertex -0.022413793103448276 0.025862068965517244 0.004728037655448983
 endloop
endfacet
facet normal -0.1743623136164037 0.7546993614290168 0.6324766062464042
 outer loop
  vertex -0.01896551724137931 0.023793103448275864 0.009531224111093275
  vertex -0.015517241379310341 0.023793103448275864 0.010481851140393558
  vertex -0.015517241379310341 0.025862068965517244 0.00801306899215327
 endloop
endfacet
facet normal -0.21676061416995748 0.7860547808704542 0.5789064843438578
 outer loop
  vertex -0.01896551724137931 0.023793103448275864 0.009531224111093275
  vertex -0.015517241379310341 0.025862068965517244 0.00801306899215327
  vertex -0.01896551724137931 0.025862068965517244 0.006721927134350999
 endloop
endfacet
facet normal -0.13589008709856937 0.732515341624406 0.667049592244252
 outer loop
  vertex -0.015517241379310341 0.023793103448275864 0.010481851140393558
  vertex -0.012068965517241376 0.023793103448275864 0.011184327407053002
  vertex -0.012068965517241376 0.025862068965517244 0.008912308954013844
 endloop
endfacet
facet normal -0.16520135838622702 0.7559090301197391 0.6334903703852024
 outer loop
  vertex -0.015517241379310341 0.023793103448275864 0.010481851140393558
  vertex -0.012068965517241376 0.025862068965517244 0.008912308954013844
  vertex -0.015517241379310341 0.025862068965517244 0.00801306899215327
 endloop
endfacet
facet normal -0.09981995505191593 0.7173211383632437 0.6895551907068015
 outer loop
  vertex -0.012068965517241376 0.023793103448275864 0.011184327407053002
  vertex -0.00862068965517241 0.023793103448275864 0.011683499549032696
  vertex -0.00862068965517241 0.025862068965517244 0.009531224111093271
 endloop
endfacet
facet normal -0.11997377522745248 0.7340333810421416 0.6684319627108768
 outer loop
  vertex -0.012068965517241376 0.023793103448275864 0.011184327407053002
  vertex -0.00862068965517241 0.025862068965517244 0.009531224111093271
  vertex -0.012068965517241376 0.025862068965517244 0.008912308954013844
 endloop
endfacet
facet normal -0.06552324140627823 0.7078576807876109 0.7033094685738273
 outer loop
  vertex -0.00862068965517241 0.023793103448275864 0.011683499549032696
  vertex -0.005172413793103445 0.023793103448275864 0.01200475530036497
  vertex -0.005172413793103445 0.025862068965517244 0.009922410048233205
 endloop
endfacet
facet normal -0.07837665917202599 0.7187040842905631 0.690884605792527
 outer loop
  vertex -0.00862068965517241 0.023793103448275864 0.011683499549032696
  vertex -0.005172413793103445 0.025862068965517244 0.009922410048233205
  vertex -0.00862068965517241 0.025862068965517244 0.009531224111093271
 endloop
endfacet
facet normal -0.032418331093740316 0.7034513045821379 0.7100037421667473
 outer loop
  vertex -0.005172413793103445 0.023793103448275864 0.01200475530036497
  vertex -0.0017241379310344793 0.023793103448275864 0.012162201440378202
  vertex -0.0017241379310344793 0.025862068965517244 0.01011232986111391
 endloop
endfacet
facet normal -0.03879020162767487 0.7088482147933268 0.7042936380814452
 outer loop
  vertex -0.005172413793103445 0.023793103448275864 0.01200475530036497
  vertex -0.0017241379310344793 0.025862068965517244 0.01011232986111391
  vertex -0.005172413793103445 0.025862068965517244 0.009922410048233205
 endloop
endfacet
facet normal -0.0 0.7038212416341645 0.7103771250712841
 outer loop
  vertex -0.0017241379310344793 0.023793103448275864 0.012162201440378202
  vertex 0.0017241379310344862 0.023793103448275864 0.012162201440378202
  vertex 0.0017241379310344862 0.025862068965517244 0.01011232986111391
 endloop
endfacet
facet normal 0.0 0.7038212416341645 0.7103771250712841
 outer loop
  vertex -0.0017241379310344793 0.023793103448275864 0.012162201440378202
  vertex 0.0017241379310344862 0.025862068965517244 0.01011232986111391
  vertex -0.0017241379310344793 0.025862068965517244 0.01011232986111391
 endloop
endfacet
facet normal 0.03216518011722751 0.7090150542427034 0.7044594055339474
 outer loop
  vertex 0.0017241379310344862 0.023793103448275864 0.012162201440378202
  vertex 0.005172413793103452 0.023793103448275864 0.01200475530036497
  vertex 0.005172413793103452 0.025862068965517244 0.009922410048233205
 endloop
endfacet
facet normal 0.03909534843070098 0.703283159472741 0.7098340308361674
 outer loop
  vertex 0.0017241379310344862 0.023793103448275864 0.012162201440378202
  vertex 0.005172413793103452 0.025862068965517244 0.009922410048233205
  vertex 0.0017241379310344862 0.025862068965517244 0.01011232986111391
 endloop
endfacet
facet normal 0.06443015047112627 0.7194238533560077 0.6915765141563597
 outer loop
  vertex 0.005172413793103452 0.023793103448275864 0.01200475530036497
  vertex 0.008620689655172417 0.023793103448275864 0.011683499549032696
  vertex 0.008620689655172417 0.025862068965517244 0.009531224111093271
 endloop
endfacet
facet normal 0.0797036325990122 0.7071252873320827 0.7025817809807204
 outer loop
  vertex 0.005172413793103452 0.023793103448275864 0.01200475530036497
  vertex 0.008620689655172417 0.025862068965517244 0.009531224111093271
  vertex 0.005172413793103452 0.025862068965517244 0.009922410048233205
 endloop
endfacet
facet normal 0.09700647557235857 0.7358867613972213 0.6701197043046404
 outer loop
  vertex 0.008620689655172417 0.023793103448275864 0.011683499549032696
  vertex 0.012068965517241383 0.023793103448275864 0.011184327407053002
  vertex 0.012068965517241383 0.025862068965517244 0.008912308954013844
 endloop
endfacet
facet normal 0.12343510545538655 0.715408626993757 0.6877167085102157
 outer loop
  vertex 0.008620689655172417 0.023793103448275864 0.011683499549032696
  vertex 0.012068965517241383 0.025862068965517244 0.008912308954013844
  vertex 0.008620689655172417 0.025862068965517244 0.009531224111093271
 endloop
endfacet
facet normal 0.12974534094101442 0.7599615738757562 0.6368866090100994
 outer loop
  vertex 0.012068965517241383 0.023793103448275864 0.011184327407053002
  vertex 0.015517241379310348 0.023793103448275864 0.010481851140393557
  vertex 0.015517241379310348 0.025862068965517244 0.008013068992153266
 endloop
endfacet
facet normal 0.1729361461088014 0.728233715547425 0.6631506200773906
 outer loop
  vertex 0.012068965517241383 0.023793103448275864 0.011184327407053002
  vertex 0.015517241379310348 0.025862068965517244 0.008013068992153266
  vertex 0.012068965517241383 0.025862068965517244 0.008912308954013844
 endloop
endfacet
facet normal 0.1613390391091496 0.7946496730224036 0.5852363724382853
 outer loop
  vertex 0.015517241379310348 0.023793103448275864 0.010481851140393557
  vertex 0.01896551724137932 0.023793103448275864 0.009531224111093271
  vertex 0.01896551724137932 0.025862068965517244 0.0067219271343509955
 endloop
endfacet
facet normal 0.23383540688164367 0.7451913909219148 0.6245084414036033
 outer loop
  vertex 0.015517241379310348 0.023793103448275864 0.010481851140393557
  vertex 0.01896551724137932 0.025862068965517244 0.0067219271343509955
  vertex 0.015517241379310348 0.025862068965517244 0.008013068992153266
 endloop
endfacet
facet normal 0.1854693754265513 0.8470908950765476 0.49803426213193264
 outer loop
  vertex 0.01896551724137932 0.023793103448275864 0.009531224111093271
  vertex 0.02241379310344828 0.023793103448275864 0.008247076374552685
  vertex 0.02241379310344828 0.025862068965517244 0.004728037655448983
 endloop
endfacet
facet normal 0.32435403585171546 0.7616660986430046 0.5609449292084286
 outer loop
  vertex 0.01896551724137932 0.023793103448275864 0.009531224111093271
  vertex 0.02241379310344828 0.025862068965517244 0.004728037655448983
  vertex 0.01896551724137932 0.025862068965517244 0.0067219271343509955
 endloop
endfacet
facet normal -0.1332556206991787 0.8491953331230911 0.5109894575762194
 outer loop
  vertex -0.015517241379310341 0.025862068965517244 0.00801306899215327
  vertex -0.012068965517241376 0.025862068965517244 0.008912308954013844
  vertex -0.012068965517241376 0.027931034482758625 0.005473968229788796
 endloop
endfacet
facet normal -0.20598187775249183 0.8767250998684626 0.43465453557761446
 outer loop
  vertex -0.015517241379310341 0.025862068965517244 0.00801306899215327
  vertex -0.012068965517241376 0.027931034482758625 0.005473968229788796
  vertex -0.015517241379310341 0.027931034482758625 0.0038398374916068963
 endloop
endfacet
facet normal -0.09917808959050994 0.827545200378978 0.5525691340229689
 outer loop
  vertex -0.012068965517241376 0.025862068965517244 0.008912308954013844
  vertex -0.00862068965517241 0.025862068965517244 0.009531224111093271
  vertex -0.00862068965517241 0.027931034482758625 0.006432675209026758
 endloop
endfacet
facet normal -0.14189582556563263 0.8481670385315039 0.5103706980575451
 outer loop
  vertex -0.012068965517241376 0.025862068965517244 0.008912308954013844
  vertex -0.00862068965517241 0.027931034482758625 0.006432675209026758
  vertex -0.012068965517241376 0.027931034482758625 0.005473968229788796
 endloop
endfacet
facet normal -0.06539815225460834 0.8144899563043845 0.5764800020477421
 outer loop
  vertex -0.00862068965517241 0.025862068965517244 0.009531224111093271
  vertex -0.005172413793103445 0.025862068965517244 0.009922410048233205
  vertex -0.005172413793103445 0.027931034482758625 0.006999235562132555
 endloop
endfacet
facet normal -0.09086092483470712 0.8282054369670907 0.5530099877184247
 outer loop
  vertex -0.00862068965517241 0.025862068965517244 0.009531224111093271
  vertex -0.005172413793103445 0.027931034482758625 0.006999235562132555
  vertex -0.00862068965517241 0.027931034482758625 0.006432675209026758
 endloop
endfacet
facet normal -0.032366193497834476 0.8084630907504109 0.5876562434048953
 outer loop
  vertex -0.005172413793103445 0.025862068965517244 0.009922410048233205
  vertex -0.0017241379310344793 0.025862068965517244 0.01011232986111391
  vertex -0.0017241379310344793 0.027931034482758625 0.007265968105415672
 endloop
endfacet
facet normal -0.04464324475585338 0.8154235227591576 0.5771407620578487
 outer loop
  vertex -0.005172413793103445 0.025862068965517244 0.009922410048233205
  vertex -0.0017241379310344793 0.027931034482758625 0.007265968105415672
  vertex -0.005172413793103445 0.027931034482758625 0.006999235562132555
 endloop
endfacet
facet normal -0.0 0.8088868847797218 0.5879642911192456
 outer loop
  vertex -0.0017241379310344793 0.025862068965517244 0.01011232986111391
  vertex 0.0017241379310344862 0.025862068965517244 0.01011232986111391
  vertex 0.0017241379310344862 0.027931034482758625 0.007265968105415672
 endloop
endfacet
facet normal 0.0 0.8088868847797218 0.5879642911192456
 outer loop
  vertex -0.0017241379310344793 0.025862068965517244 0.01011232986111391
  vertex 0.0017241379310344862 0.027931034482758625 0.007265968105415672
  vertex -0.0017241379310344793 0.027931034482758625 0.007265968105415672
 endloop
endfacet
facet normal 0.0318026635530727 0.8158244373269529 0.5774245215186923
 outer loop
  vertex 0.0017241379310344862 0.025862068965517244 0.01011232986111391
  vertex 0.005172413793103452 0.025862068965517244 0.009922410048233205
  vertex 0.005172413793103452 0.027931034482758625 0.006999235562132555
 endloop
endfacet
facet normal 0.04543350638907322 0.8080515999371058 0.5873571386612044
 outer loop
  vertex 0.0017241379310344862 0.025862068965517244 0.01011232986111391
  vertex 0.005172413793103452 0.027931034482758625 0.006999235562132555
  vertex 0.0017241379310344862 0.027931034482758625 0.007265968105415672
 endloop
endfacet
facet normal 0.06287156976679702 0.8300001566877215 0.5542083593860855
 outer loop
  vertex 0.005172413793103452 0.025862068965517244 0.009922410048233205
  vertex 0.008620689655172417 0.025862068965517244 0.009531224111093271
  vertex 0.008620689655172417 0.027931034482758625 0.006432675209026758
 endloop
endfacet
facet normal 0.09449556605619007 0.8125848853549876 0.575131630227674
 outer loop
  vertex 0.005172413793103452 0.025862068965517244 0.009922410048233205
  vertex 0.008620689655172417 0.027931034482758625 0.006432675209026758
  vertex 0.005172413793103452 0.027931034482758625 0.006999235562132555
 endloop
endfacet
facet normal 0.09214672929768816 0.8531913955257537 0.5133940230276892
 outer loop
  vertex 0.008620689655172417 0.025862068965517244 0.009531224111093271
  vertex 0.012068965517241383 0.025862068965517244 0.008912308954013844
  vertex 0.012068965517241383 0.027931034482758625 0.005473968229788796
 endloop
endfacet
facet normal 0.1525814724287359 0.8219076389839605 0.5488048170809825
 outer loop
  vertex 0.008620689655172417 0.025862068965517244 0.009531224111093271
  vertex 0.012068965517241383 0.027931034482758625 0.005473968229788796
  vertex 0.008620689655172417 0.027931034482758625 0.006432675209026758
 endloop
endfacet
facet normal 0.1150636275753537 0.8899870548662518 0.44122942306661184
 outer loop
  vertex 0.012068965517241383 0.025862068965517244 0.008912308954013844
  vertex 0.015517241379310348 0.025862068965517244 0.008013068992153266
  vertex 0.015517241379310348 0.027931034482758625 0.0038398374916068906
 endloop
endfacet
facet normal 0.23735359049962815 0.832351309871207 0.5008538409881876
 outer loop
  vertex 0.012068965517241383 0.025862068965517244 0.008912308954013844
  vertex 0.015517241379310348 0.027931034482758625 0.0038398374916068906
  vertex 0.012068965517241383 0.027931034482758625 0.005473968229788796
 endloop
endfacet
endsolid ellipsoid
